name,tomatometer,audience_score,weighted_score,genres,rating,duration,year,actors,directors,domestic_revenue,international_revenue,worldwide_revenue,budget
Blue Giant,100,100,99,"['Drama', 'Music', 'Anime']",,2h 0m,2023,"['Yuki Yamada', 'Shôtarô Mamiya', 'Amane Okayama', 'Yuzuru Tachikawa', 'Shinichi Ishizuka']",['Yuzuru Tachikawa'],132555,0,132555,0
Hunted,56,48,53,"['Action', 'Mystery & Thriller']",R,1h 34m,2022,"['Samantha Bond', 'Malachi Pullar-Latchman', 'James Lance', 'Hannah Traylen', 'Nick Moran']",['Tommy Boulding'],100345,1843942,1944287,0
DamNation,50,80,59,"['Documentary', 'Adventure']",,1h 27m,2014,"['Ben Knight', 'Yvon Chouinard', 'Katie Lee', 'Bruce Babbitt', 'Mikal Jakubal']","['Ben Knight 2', 'Travis Rummel']",35014192,6083661,41097853,8000000
Another Kind of Wedding,60,50,56,"['Comedy', 'Drama']",,1h 26m,2017,"['Kathleen Turner', 'Kevin Zegers', 'Jessica Paré', 'Frances Fisher', 'Jacob Tierney']",['Pat Kiely'],101648571,135553728,237202299,90000000
Windtalkers,33,50,38,"['War', 'History', 'Drama']",R,2h 14m,2002,"['Nicolas Cage', 'Adam Beach', 'Peter Stormare', 'Noah Emmerich', 'Mark Ruffalo']",['John Woo'],12227722,15744301,27972023,0
Cold Mountain,70,77,72,"['Drama', 'War']",R,2h 35m,2003,"['Jude Law', 'Nicole Kidman', 'Renée Zellweger', 'Eileen Atkins', 'Brendan Gleeson']",['Anthony Minghella'],2540965,166872,2707837,0
Len and Company,70,56,65,"['Comedy', 'Drama']",,1h 42m,2015,"['Rhys Ifans', 'Jack Kilmer', 'Juno Temple', 'Keir Gilchrist', 'Kathryn Hahn']",['Tim Godsall 2'],2540965,166872,2707837,0
Dead Man Walking,95,85,91,"['Crime', 'Drama']",R,2h 2m,1995,"['Susan Sarandon', 'Sean Penn', 'Robert Prosky', 'Raymond J. Barry', 'R. Lee Ermey']",['Tim Robbins'],7362439,1940583,9303022,0
Native Son,62,49,57,['Drama'],,1h 48m,2019,"['Ashton Sanders', 'Margaret Qualley', 'Nick Robinson', 'Sanaa Lathan', 'KiKi Layne']",['Rashid Johnson'],115000000,889,115000889,0
Stuck,52,83,62,"['Musical', 'Drama']",PG-13,1h 30m,2017,"['Giancarlo Esposito', 'Amy Madigan', 'Ashanti', 'Arden Cho', 'Omar Chaparro']",['Michael Berry 2'],125164,0,125164,0
Man vs Snake: The Long and Twisted Tale of Nibbler,90,76,85,['Documentary'],,1h 32m,2015,"['Walter Day', 'Dwayne Richard', 'Billy Mitchell', 'Tim Kinzy', 'Andrew Seklir']","['Tim Kinzy', 'Andrew Seklir 2']",7362439,1940583,9303022,0
The Devil You Know,36,82,51,"['Crime', 'Drama', 'Mystery & Thriller']",R,1h 56m,2022,"['Omar Epps', 'Michael Ealy', 'William Catlett', 'Glynn Turman', 'Curtiss Cook']",['Charles Murray 2'],0,0,0,0
The Pack,55,20,43,"['Horror', 'Mystery & Thriller']",,1h 30m,2015,"['Anna Lise Phillips', 'Jack Campbell', 'Katie Moore', 'Hamish Phillips', 'Charles Mayer']",['Nick Robertson 2'],56732,0,56732,0
The Offering,74,48,65,"['Horror', 'Mystery & Thriller']",R,1h 33m,2022,"['Nick Blood', 'Emily Wiseman', 'Allan Corduner', 'Paul Kaye', 'Daniel Ben Zenou']",['Oliver Park'],95697,0,95697,0
The Kindness of Strangers,31,85,49,['Drama'],,1h 52m,2019,"['Jay Baruchel', 'Zoe Kazan', 'Andrea Riseborough', 'Bill Nighy', 'Caleb Landry Jones']",['Lone Scherfig'],100345,1843942,1944287,0
Dead Man on Campus,15,55,28,['Comedy'],R,1h 33m,1998,"['Tom Everett Scott', 'Mark-Paul Gosselaar', 'Poppy Montgomery', 'Lochlyn Munro', 'Randy Pearlstein']",['Alan Cohn'],157299718,139039810,296339528,75000000
Standby,80,31,63,"['Romance', 'Comedy']",,1h 30m,2014,"['Jessica Paré', 'Brian Gleeson', 'Stanley Townsend', 'Francesca Cherruault', 'John Lynn']","['Rob Burke', 'Ronan Burke']",0,0,0,0
The Fight Within,40,79,53,['Drama'],PG-13,1h 34m,2016,"['John Major Davis', 'Lelia Symington', 'Matt Leddo', 'Mike H. Taylor', 'Dan Severn']",['Michael William Gordon'],67544505,20670651,88215156,35000000
All Things Must Pass,94,82,90,['Documentary'],,1h 40m,2015,"['Chuck D', 'Chris Cornell', 'David Geffen', 'Dave Grohl', 'Elton John']",['Colin Hanks'],673151,101629,774780,0
Ghostbusters: Afterlife,64,94,74,"['Comedy', 'Fantasy', 'Adventure']",PG-13,2h 4m,2021,"['Carrie Coon', 'Finn Wolfhard', 'Mckenna Grace', 'Paul Rudd', ""Celeste O'Connor""]",['Jason Reitman'],470308,0,470308,0
The Persian Version,82,90,84,"['Comedy', 'Drama', 'LGBTQ+', 'Romance']",R,1h 47m,2023,"['Layla Mohammadi', 'Niousha Noor', 'Kamand Shafieisabet', 'Bijan Daneshmand', 'Bella Warda']",['Maryam Keshavarz'],829,0,829,0
Hara-Kiri: Death of a Samurai,77,75,76,"['History', 'Drama']",,2h 6m,2011,"['Ebizô Ichikawa', 'Eita Nagayama', 'Hikari Mitsushima', 'Naoto Takenaka', 'Munetaka Aoki']",['Takashi Miike'],157066392,281900000,438966392,0
Amnesiac,27,14,22,['Mystery & Thriller'],,1h 24m,2014,"['Kate Bosworth', 'Wes Bentley', 'Olivia Rose Keegan', 'Shashawnee Hall', 'Richard Riehle']",['Mike Polish'],76808654,85846697,162655351,30000000
Long Story Short,53,63,56,"['Romance', 'Comedy', 'Fantasy']",R,1h 35m,2021,"['Rafe Spall', 'Zahra Newman', 'Ronny Chieng', 'Dena Kaplan', 'Noni Hazlehurst']",['Josh Lawson'],315497,0,315497,0
Tab Hunter Confidential,88,96,90,"['Documentary', 'LGBTQ+']",,1h 30m,2015,"['Tab Hunter', 'Jeffrey Schwarz', 'Allan Glaser', 'Neil Koenigsberg', 'Jeffrey Schwarz']",['Jeffrey Schwarz'],13110903,0,13110903,0
Jacqueline Argentine,29,70,42,['Mystery & Thriller'],,1h 27m,2016,"['Martin Anderson', 'James Benson', 'Wyatt Cenac', 'Sasha Dominy', 'Amr El-Bayoumi']",['Bernardo Britto'],429028,0,429028,5000000
Absolution,20,81,40,['Fantasy'],,1h 30m,2018,"['Jessica Falkholt', 'Eamon Farren', 'Jacqueline McKenzie', 'Jerome Meyer', 'Lewis Fitz-Gerald']",['Corey Pearson 2'],160942139,271028977,431971116,142000000
Ford v Ferrari,92,98,94,"['History', 'Drama', 'Biography']",PG-13,2h 32m,2019,"['Matt Damon', 'Christian Bale', 'Jon Bernthal', 'Caitriona Balfe', 'Tracy Letts']",['James Mangold'],50410,0,50410,0
Hands of Stone,44,52,46,"['Biography', 'History', 'Drama']",R,1h 45m,2016,"['Edgar Ramírez', 'Robert De Niro', 'Ana de Armas', 'Usher', 'Rubén Blades']",['Jonathan Jakubowicz'],39768000,0,39768000,0
What Comes Around,30,35,31,"['Mystery & Thriller', 'Romance', 'Drama']",,1h 23m,2022,"['Grace Van Dien', 'Summer Phoenix', 'Jesse Garcia', 'Kyle Gallner', 'Indiana Affleck']",['Amy Redford'],57231747,39223950,96455697,37000000
Mortal Kombat Legends: Snow Blind,80,87,82,"['Action', 'Adventure', 'Animation']",R,1h 22m,2022,"['Manny Jacinto', 'David Wenham', 'Patrick Seitz', 'Artt Butler', 'Debra Wilson']",['Rick Morales 2'],0,0,0,0
Like It Is,11,46,22,['Drama'],,1h 40m,1998,"['Roger Daltrey', 'Dani Behr', 'Ian Rose', 'Steve Bell', 'Christopher Hargreaves']",['Paul Oremland'],183417150,267300000,450717150,85000000
Being Mary Tyler Moore,97,74,89,"['Documentary', 'Biography']",,1h 59m,2023,"['Mary Tyler Moore', 'James L. Brooks', 'Rob Reiner', 'Treva Silverman', 'Beverly Sanders']",['James Adolphus'],340726,0,340726,0
The Librarian: Quest for the Spear,60,57,59,"['Action', 'Adventure', 'Fantasy']",TVPG,1h 36m,2004,"['Noah Wyle', 'Kyle MacLachlan', 'Sonya Walger', 'Jane Curtin', 'Kelly Hu']",['Peter Winther'],101648571,135553728,237202299,90000000
Dog Park,36,28,33,"['Romance', 'Comedy']",R,1h 31m,1998,"['Natasha Henstridge', 'Luke Wilson', 'Kathleen Robertson', 'Janeane Garofalo', 'Bruce McCulloch']",['Bruce Mcculloch'],0,0,0,0
Point Break,11,29,17,"['Action', 'Adventure', 'Mystery & Thriller']",PG-13,1h 49m,2015,"['Edgar Ramírez', 'Luke Bracey', 'Ray Winstone', 'Teresa Palmer', 'Matias Varela']",['Ericson Core'],183417150,267300000,450717150,85000000
The Boss Baby: Family Business,46,89,60,"['Kids & Family', 'Comedy', 'Adventure', 'Animation']",PG,1h 47m,2021,"['Alec Baldwin', 'James Marsden', 'Eva Longoria', 'Jeff Goldblum', 'Ariana Greenblatt']",['Tom Mcgrath 3'],285585,600433,886018,0
Smallfoot,76,62,71,"['Kids & Family', 'Comedy', 'Adventure', 'Animation']",PG,1h 36m,2018,"['Channing Tatum', 'James Corden', 'Zendaya', 'Common', 'LeBron James']",['Karey Kirkpatrick'],7993039,7966,8001005,0
April Fool's Day,57,47,53,"['Mystery & Thriller', 'Horror']",R,1h 29m,1986,"['Deborah Foreman', ""Griffin O'Neal"", 'Deborah Goodrich', 'Jay Baker', 'Pat Barlow']",['Fred Walton'],333060,0,333060,0
X-Men: Apocalypse,47,65,53,"['Action', 'Adventure', 'Fantasy', 'Sci-Fi']",PG-13,2h 23m,2016,"['James McAvoy', 'Michael Fassbender', 'Jennifer Lawrence', 'Oscar Isaac', 'Nicholas Hoult']",['Bryan Singer'],38362475,113421364,151783839,175000000
The Witch Who Came From the Sea,82,34,66,['Mystery & Thriller'],R,1h 38m,1975,"['Millie Perkins', 'Lonny Chapman', 'Vanessa Brown', 'Peggy Feury', 'Rick Jason']",['Matteo Ottaviano'],829,0,829,0
Demons,33,61,42,['Horror'],,1h 45m,2017,"['John Schneider', 'Andrew Divoff', 'Steven Brand', 'Gary Grubbs', 'Miles Doleac']",['Miles Doleac'],12227722,15744301,27972023,0
Knights of Badassdom,63,38,54,"['Comedy', 'Adventure', 'Fantasy', 'Horror']",R,1h 25m,2014,"['Peter Dinklage', 'Ryan Kwanten', 'Steve Zahn', 'Summer Glau', 'Jimmi Simpson']",['Joe Lynch'],2689252,0,2689252,0
The Interior,100,46,81,"['Comedy', 'Crime', 'Drama', 'Horror', 'Mystery & Thriller']",,1h 20m,2015,"['Ryan Austin', 'Jake Beczala', 'Andrew Hayes', 'Lucas Mailing', 'Patrick McFadden']",['Trevor Juras'],132555,0,132555,0
Mercy,17,39,24,['Mystery & Thriller'],R,1h 35m,1999,"['Ellen Barkin', 'Wendy Crewson', 'Peta Wilson', 'Karen Young', 'Julian Sands']",['Damian Harris'],64167069,72149811,136316880,0
"Fat, Sick & Nearly Dead",69,85,74,['Documentary'],,1h 37m,2010,"['Phil Staples', 'Joe Cross', 'Joe Cross', 'Kurt Engfehr', 'Joe Cross']",['Joe Cross 4'],100489151,0,100489151,0
India: Kingdom of the Tiger,83,64,76,"['Adventure', 'Drama']",,42m,2002,"['Christopher Heyerdahl', 'Bruce Neibaur', 'Afsana Amarsy', 'Goulam Amarsy', 'Ed Capelle']",['Bruce Neibaur'],4055660,3295401,7351061,0
The Girl in the Book,93,55,80,['Drama'],,1h 28m,2015,"['Emily VanCamp', 'Michael Nyqvist', 'David Call', 'Michael Cristofer', 'Talia Balsam']",['Marya Cohn'],31483450,45217209,76700659,15000000
Transformers: Rise of the Beasts,52,91,65,"['Action', 'Adventure', 'Sci-Fi', 'Fantasy']",PG-13,2h 7m,2023,"['Anthony Ramos', 'Dominique Fishback', 'Ron Perlman', 'Michelle Yeoh', 'Pete Davidson']",['Steven Caple Jr'],37664,9174,46838,0
Fair Game,12,14,12,"['Action', 'Romance', 'Mystery & Thriller']",R,1h 30m,1995,"['William Baldwin', 'Cindy Crawford', 'Steven Berkoff', 'Christopher McDonald', 'Miguel Sandoval']",['Andrew Sipes'],955,0,955,0
Unknown,55,55,55,"['Mystery & Thriller', 'Drama']",PG-13,1h 53m,2011,"['Liam Neeson', 'Diane Kruger', 'January Jones', 'Aidan Quinn', 'Bruno Ganz']",['Jaume Collet Sera'],56732,0,56732,0
The Manor,62,32,51,"['Horror', 'Mystery & Thriller']",,1h 21m,2021,"['Barbara Hershey', 'Bruce Davison', 'Nicholas Alexander', 'Jill Larson', 'Fran Bennett']",['Axelle Carolyn'],115000000,889,115000889,0
Despicable Me 3,59,53,56,"['Kids & Family', 'Comedy', 'Adventure', 'Animation']",PG,1h 30m,2017,"['Steve Carell', 'Kristen Wiig', 'Trey Parker', 'Miranda Cosgrove', 'Dana Gaier']","['Pierre Coffin', 'Kyle Balda']",1208479,0,1208479,0
The Ones Below,76,47,66,['Mystery & Thriller'],R,1h 27m,2015,"['Clémence Poésy', 'David Morrissey', 'Stephen Campbell Moore', 'Laura Birn', 'Deborah Findlay']",['David Farr'],7993039,7966,8001005,0
Clifford,13,67,31,"['Kids & Family', 'Comedy']",PG,1h 29m,1994,"['Martin Short', 'Charles Grodin', 'Mary Steenburgen', 'Dabney Coleman', 'Richard Kind']",['Paul Flaherty'],52853219,16558151,69411370,50000000
The Painted Veil,74,85,77,"['Drama', 'Romance']",PG-13,2h 5m,2006,"['Naomi Watts', 'Ed Norton', 'Liev Schreiber', 'Diana Rigg', 'Zoe Telford']",['John Curran'],95697,0,95697,0
How to Change the World,95,87,92,['Documentary'],,1h 53m,2015,"['Jerry Rothwell', 'Jerry Rothwell', 'Al Morrow', 'Bous De Jong', 'Ben Lichty']",['Jerry Rothwell'],7362439,1940583,9303022,0
The Electrical Life of Louis Wain,69,72,70,"['Biography', 'Drama']",PG-13,1h 51m,2021,"['Sophia Di Martino', 'Benedict Cumberbatch', 'Claire Foy', 'Andrea Riseborough', 'Toby Jones']",['Will Sharpe'],100489151,0,100489151,0
Barfly,76,82,78,"['Comedy', 'Drama']",R,1h 40m,1987,"['Mickey Rourke', 'Faye Dunaway', 'Alice Krige', 'Jack Nance', 'J.C. Quinn']",['Barbet Schroeder'],7993039,7966,8001005,0
Surveillance,55,43,51,"['Mystery & Thriller', 'Crime', 'Drama']",R,1h 37m,2008,"['Julia Ormond', 'Bill Pullman', 'Pell James', 'Ryan Simpkins', 'Cheri Oteri']",['Jennifer Lynch'],56732,0,56732,0
Coming Through the Rye,70,65,68,['Drama'],PG-13,1h 37m,2015,"['Adrian Pasdar', 'Chris Cooper', 'Alex Wolff', 'Stefania Owen', 'Amy Parrish']",['James Steven Sadwith'],2540965,166872,2707837,0
Divine Access,67,50,61,"['Comedy', 'Drama']",,1h 46m,2015,"['Billy Burke', 'Patrick Warburton', 'Joel David Moore', 'Sarah Shahi', 'Dora Madison']",['Steven Chester Prince'],5743,0,5743,0
Johnny Be Good,0,30,10,['Comedy'],R,1h 24m,1988,"['Anthony Michael Hall', 'Robert Downey Jr.', 'Paul Gleason', 'Uma Thurman', 'Steve James']",['Bud Smith'],0,0,0,0
Pawno,78,83,79,[],,2015,2015,"['John Brumpton', 'Maeve Dermody', 'Damian Hill', 'Malcolm Kennard', 'Paul Ireland']",['Paul Ireland'],37664,9174,46838,0
Whiskey Tango Foxtrot,68,54,63,"['Comedy', 'Drama', 'Biography', 'War']",R,1h 51m,2016,"['Tina Fey', 'Margot Robbie', 'Martin Freeman', 'Alfred Molina', 'Christopher Abbott']","['Glenn Ficarra', 'John Requa']",0,0,0,0
Lockout,38,46,40,"['Sci-Fi', 'Action', 'Mystery & Thriller']",PG-13,1h 35m,2012,"['Guy Pearce', 'Maggie Grace', 'Vincent Regan', 'Joseph Gilgun', 'Lennie James']","['James Mather', 'Stephen St Leger']",676407,0,676407,0
The Librarian: Quest for the Spear,60,57,59,"['Action', 'Adventure', 'Fantasy']",TVPG,1h 36m,2004,"['Noah Wyle', 'Kyle MacLachlan', 'Sonya Walger', 'Jane Curtin', 'Kelly Hu']",['Peter Winther'],101648571,135553728,237202299,90000000
Madame X,67,76,70,"['Documentary', 'Music']",,1h 0m,2021,"['Madonna', 'Ricardo Gomes']",['Ricardo Gomes'],5743,0,5743,0
Sound It Out,93,79,88,['Documentary'],,1h 15m,2011,"['Jeanie Finlay', 'Dunstan Bruce', 'Jeanie Finlay', 'Jeanie Finlay', 'Barbara Zosel']",['Jeanie Finlay'],31483450,45217209,76700659,15000000
Zipper: Coney Island's Last Wild Ride,75,90,80,['Documentary'],,1h 17m,2012,"['Amy Nicholson', 'Amy Nicholson', ""Ruben O'Malley"", 'Jerry Risius', 'Mark Schwartzbard']",['Amy Nicholson'],1236408,0,1236408,0
Fanny by Gaslight,50,52,50,['Drama'],,1h 48m,1944,"['Phyllis Calvert', 'James Mason', 'Stewart Granger', 'Wilfrid Lawson', 'Margaretta Scott']",['Anthony Asquith'],35014192,6083661,41097853,8000000
Requiem for the American Dream,92,84,89,['Biography'],,1h 13m,2015,"['Noam Chomsky', 'Peter D. Hutchison', 'Kelly Nyks', 'Jared P. Scott', 'Peter D. Hutchison']","['Peter D Hutchison', 'Kelly Nyks', 'Jared Scott']",50410,0,50410,0
Demon Seed,59,47,54,['Sci-Fi'],R,1h 34m,1977,"['Julie Christie', 'Fritz Weaver', 'Gerrit Graham', 'Berry Kroeger', 'Lisa Lu']",['Donald Cammell'],1208479,0,1208479,0
Looking Glass,21,11,17,['Mystery & Thriller'],R,1h 44m,2018,"['Nicolas Cage', 'Robin Tunney', 'Marc Blucas', 'Ernie Lively', 'Jacque Gray']",['Tim Hunter'],81159365,78649005,159808370,35000000
Embers,83,51,72,['Drama'],,1h 26m,2016,"['Jason Ritter', 'Iva Gocheva', 'Greta Fernández', 'Tucker Smallwood', 'Karl Glusman']",['Claire Carre'],4055660,3295401,7351061,0
Toy Story 4,97,94,95,"['Kids & Family', 'Comedy', 'Adventure', 'Fantasy', 'Animation']",G,1h 40m,2019,"['Tom Hanks', 'Tim Allen', 'Annie Potts', 'Tony Hale', 'Keegan-Michael Key']",['Josh Cooley'],340726,0,340726,0
The Conductor,100,100,99,"['Documentary', 'Music']",,1h 30m,2021,"['Marin Alsop', 'Marin Alsop', 'Bernadette Wegenstein', 'Stefan Fauland', 'Bernadette Wegenstein']",['Bernadette Wegenstein'],132555,0,132555,0
Paranormal Activity: Next of Kin,30,38,32,"['Horror', 'Mystery & Thriller']",R,1h 38m,2021,"['Emily Bader', 'Roland Buck III', 'Dan Lippert', 'Henry Ayres-Brown', 'Tom Nowicki']",['William Eubank'],57231747,39223950,96455697,37000000
Babes in Toyland,36,59,43,"['Kids & Family', 'Holiday', 'Musical']",,1h 46m,1961,"['Ray Bolger', 'Tommy Sands', 'Annette Funicello', 'Ed Wynn', 'Tommy Kirk']",['Jack Donohue'],0,0,0,0
The Last Time You Had Fun,67,34,56,"['Comedy', 'Drama']",,1h 22m,2014,"['Kyle Bornheimer', 'Eliza Coupe', 'Mary Elizabeth Ellis', 'Demetri Martin', 'Charlyne Yi']",['Mo Perkins'],5743,0,5743,0
Laura,100,90,96,['Mystery & Thriller'],,1h 28m,1944,"['Gene Tierney', 'Dana Andrews', 'Clifton Webb', 'Vincent Price', 'Judith Anderson']",['Otto Preminger'],132555,0,132555,0
Blood: The Last Vampire,50,66,55,"['Horror', 'Action', 'Animation']",,48m,2000,"['Yûki Kudô', 'Saemi Nakamura', 'Joe Romersa', 'Rebecca Forstadt', 'Stuart Robinson']",['Hiroyuki Kitakubo'],35014192,6083661,41097853,8000000
Bag It,100,81,93,"['Documentary', 'Comedy', 'Drama']",,1h 19m,2010,"['Suzan Beraza', 'Michelle Curry Wright`', 'Michelle Hill']",['Suzan Beraza'],132555,0,132555,0
The Magnificent Seven,64,71,66,"['Western', 'Action', 'Adventure']",PG-13,2h 8m,2016,"['Denzel Washington', 'Chris Pratt', 'Ethan Hawke', ""Vincent D'Onofrio"", 'Lee Byung-hun']",['Antoine Fuqua'],470308,0,470308,0
The Tortured,5,35,15,['Mystery & Thriller'],R,1h 19m,2010,"['Erika Christensen', 'Jesse Metcalfe', 'Bill Moseley', 'Chelah Horsdal', 'Fulvio Cecere']",['Robert Lieberman'],127725035,125154000,252879035,0
Twist,16,53,28,['Drama'],R,1h 37m,2003,"['Nick Stahl', 'Joshua Close', 'Gary Farmer', 'Michèle-Barbara Pelletier', 'James Gilpin']",['Jacob Tierney'],23686027,0,23686027,0
Bounty Killer,59,45,54,"['Action', 'Sci-Fi']",R,1h 33m,2013,"['Matthew Marsden', 'Kristanna Loken', 'Christian Pitre', 'Gary Busey', ""Beverly D'Angelo""]",['Henry Saine'],1208479,0,1208479,0
The Channel,57,86,66,"['Action', 'Crime', 'Drama', 'Mystery & Thriller']",,1h 35m,2023,"['Clayne Crawford', 'Max Martini', 'Nicoye Banks', 'Juliene Joyner', 'Paul Rae']",['William Kaufman'],333060,0,333060,0
Hard Eight,82,83,82,['Drama'],R,1h 36m,1996,"['Philip Baker Hall', 'John C. Reilly', 'Gwyneth Paltrow', 'Samuel L. Jackson', 'F. William Parker']",['Paul Thomas Anderson'],829,0,829,0
Who's Driving Doug,20,46,28,['Drama'],,1h 39m,2016,"['RJ Mitte', 'Paloma Kwiatkowski', 'Daphne Zuniga', 'Ray William Johnson', 'Alix Elizabeth Gitter']",['David Michael Conley'],160942139,271028977,431971116,142000000
6 Years,69,34,57,"['Drama', 'Romance']",,1h 25m,2015,"['Taissa Farmiga', 'Ben Rosenfield', 'Lindsay Burdge', 'Joshua Leonard', 'Jennifer Lafleur']",['Hannah Fidell'],100489151,0,100489151,0
First Love,98,88,94,"['Crime', 'Drama', 'Comedy']",,1h 48m,2019,"['Masataka Kubota', 'Nao Ômori', 'Shôta Sometani', 'Jun Murakami', 'Sansei Shiomi']",['Takashi Miike'],100345,1843942,1944287,0
The Last Time,35,39,36,"['Comedy', 'Drama', 'Mystery & Thriller']",R,1h 36m,2006,"['Michael Keaton', 'Amber Valletta', 'Brendan Fraser', 'Daniel Stern', 'Neal McDonough']",['Michael Caleo'],177511,796028,973539,0
Cyber-Seniors,80,58,72,['Documentary'],,1h 15m,2013,"['Saffron Cassaday', 'Brenda Rusnak', 'Miho Hongo', 'Kieran Heilbron']",['Saffron Cassaday'],0,0,0,0
The Lord of the Rings: The Fellowship of the Ring,91,95,92,"['Fantasy', 'Adventure']",PG-13,2h 58m,2001,"['Elijah Wood', 'Ian McKellen', 'Liv Tyler', 'Viggo Mortensen', 'Sean Astin']",['Peter Jackson'],6735922,0,6735922,0
Lotus Eaters,8,61,25,"['Comedy', 'Drama']",,1h 18m,2011,"['Antonia Campbell-Hughes', 'Benn Northover', 'Cynthia Fortune Ryan', 'Johnny Flynn', 'Amber Anderson']",['Alexandra Mcguinness'],116750901,126124177,242875078,41000000
Touch,33,33,33,['Comedy'],R,1h 36m,1997,"['Bridget Fonda', 'Christopher Walken', 'Skeet Ulrich', 'Tom Arnold', 'Gina Gershon']",['Paul Schrader'],12227722,15744301,27972023,0
Doomsdays,88,64,80,['Comedy'],,1h 31m,2013,"['Leo Fitzpatrick', 'Justin Rice', 'Laura Campbell', 'Brian Charles Johnson', 'Deshja Driggs']",['Eddie Mullins'],17213467,15379918,32593385,0
Electrick Children,88,72,82,['Drama'],R,1h 35m,2012,"['Julia Garner', 'Rory Culkin', 'Liam Aiken', 'Billy Zane', 'Cynthia Watros']",['Rebecca Thomas'],13110903,0,13110903,0
The Secret Kingdom,63,59,61,"['Kids & Family', 'Fantasy', 'Adventure']",PG,1h 38m,2023,"['Sam Everingham', 'Alyla Browne', 'Alice Parkinson', 'Chris Gabardi', 'Darius Williams']",['Matt Drummond'],2689252,0,2689252,0
The Magnificent Seven,64,71,66,"['Western', 'Action', 'Adventure']",PG-13,2h 8m,2016,"['Denzel Washington', 'Chris Pratt', 'Ethan Hawke', ""Vincent D'Onofrio"", 'Lee Byung-hun']",['Antoine Fuqua'],470308,0,470308,0
"This Is Not a Burial, It's a Resurrection",100,90,96,['Drama'],,2h 0m,2019,"['Mary Twala', 'Jerry Mofokeng', 'Makhaola Ndebele', 'Tseko Monaheng', 'Siphiwe Nzima-Ntskhe']",['Lemohang Jeremiah Mosese'],132555,0,132555,0
Alpha,80,71,77,"['Adventure', 'Drama']",PG-13,1h 37m,2018,"['Kodi Smit-McPhee', 'Jóhannes Haukur Jóhannesson', 'Marcin Kowalczyk', 'Jens Hultén', 'Natassia Malthe']",['Albert Hughes'],0,0,0,0
House of Cards,60,68,62,['Drama'],PG-13,1h 47m,1993,"['Kathleen Turner', 'Tommy Lee Jones', 'Asha Menina', 'Shiloh Strong', 'Esther Rolle']",['Michael Lessac'],101648571,135553728,237202299,90000000
Disturbing the Peace,18,10,15,"['Action', 'Mystery & Thriller']",R,1h 40m,2020,"['Guy Pearce', 'Devon Sawa', 'Michael Bellisario', 'Barbie Blank', 'Dwayne Cameron']",['York Shackleton'],0,0,0,0
The Cow Who Sang a Song Into the Future,90,99,93,['Drama'],,1h 33m,2022,"['Mía Maestro', 'Enzo Ferrada Rosati', 'Benjamin Soto', 'Leonor Varela', 'Frederique Gudelj']",['Francisca Alegria'],7362439,1940583,9303022,0
The Preppie Connection,11,61,27,['Drama'],R,1h 35m,2015,"['Thomas Mann', 'Lucy Fry', 'Sam Page', 'Logan Huffman', 'Bill Sage']",['Joseph Castelo'],183417150,267300000,450717150,85000000
The Day the Earth Caught Fire,85,85,85,['Sci-Fi'],,1h 39m,1961,"['Janet Munro', 'Leo McKern', 'Edward Judd', 'Michael Goodliffe', 'Bernard Braden']",['Val Guest'],9369329,0,9369329,0
"Something, Anything",93,54,80,['Drama'],,1h 28m,2014,"['Ashley Shelton', 'Bryce Johnson', 'Linds Edwards', 'Amy Leigh Hubbard', 'Lauren Lazarus']",['Paul Harrill'],31483450,45217209,76700659,15000000
The Evil That Men Do,40,37,39,['Action'],R,1h 29m,1984,"['Charles Bronson', 'Theresa Saldana', 'Joseph Maher', 'José Ferrer', 'René Enríquez']",['Lee Lee Thompson'],67544505,20670651,88215156,35000000
The Crash,17,69,34,"['Mystery & Thriller', 'Crime', 'Drama']",R,1h 24m,2017,"['Frank Grillo', 'Dianna Agron', 'John Leguizamo', 'Minnie Driver', 'Ed Westwick']",['Aram Rappaport'],64167069,72149811,136316880,0
The Horse Whisperer,75,72,74,['Drama'],PG-13,2h 48m,1998,"['Robert Redford', 'Kristin Scott Thomas', 'Sam Neill', 'Dianne Wiest', 'Scarlett Johansson']",['Robert Redford'],1236408,0,1236408,0
Eraser,43,39,41,['Action'],R,1h 55m,1996,"['Arnold Schwarzenegger', 'James Caan', 'Vanessa Williams', 'James Coburn', 'Robert Pastorelli']",['Chuck Russell'],8840453,23602658,32443111,6000000
The Musketeer,11,33,18,"['Adventure', 'Action']",PG-13,1h 45m,2001,"['Catherine Deneuve', 'Mena Suvari', 'Stephen Rea', 'Tim Roth', 'Justin Chambers']",['Peter Hyams'],183417150,267300000,450717150,85000000
Mojave,32,30,31,['Mystery & Thriller'],R,1h 33m,2015,"['Oscar Isaac', 'Garrett Hedlund', 'Louise Bourgoin', 'Walton Goggins', 'Mark Wahlberg']",['William Monahan'],8968845,0,8968845,0
It's All True,83,71,79,['Documentary'],G,1h 25m,1993,"['Manuel ""Jacare"" Meira', 'Jeronimo André De Souza', 'Raimundo ""Tata"" Correia Lima', 'Manuel ""Preto"" Pereira Da Silva', 'Jose Sobrinho']","['Norman Foster', 'Bill Krohn', 'Myron Meisel', 'Orson Welles', 'Richard Wilson 5']",4055660,3295401,7351061,0
The Steps,33,46,37,['Comedy'],R,1h 38m,2015,"['Emmanuelle Chriqui', 'James Brolin', 'Christine Lahti', 'Jason Ritter', 'Kate Corbett']",['1174987 Andrew Currie'],12227722,15744301,27972023,0
Mechanic: Resurrection,31,40,34,"['Action', 'Adventure', 'Mystery & Thriller']",R,1h 39m,2016,"['Jason Statham', 'Jessica Alba', 'Tommy Lee Jones', 'Michelle Yeoh', 'Sam Hazeldine']",['Dennis Gansel'],100345,1843942,1944287,0
The New Year,100,67,88,"['Comedy', 'Drama']",,1h 36m,2010,"['Trieste Kelly Dunn', 'Ryan Hunter', 'Kevin Wheatley', 'Lance Brannon', 'Linda Lee McBride']",['Brett Haley'],132555,0,132555,0
The Book of Revelation,69,42,60,"['Drama', 'Musical', 'Mystery & Thriller', 'Romance']",,1h 59m,2006,"['Tom Long', 'Greta Scacchi', 'Colin Friels', 'Deborah Mailman', 'Zoe Coyle']",['Ana Kokkinos'],100489151,0,100489151,0
Lemonade,89,73,83,['Drama'],,1h 28m,2018,"['Malina Manovici', 'Dylan Smith', 'Steve Bacic', 'Milan Hurduc', 'Ruxandra Maniu']",['Ioana Uricaru'],2043889,0,2043889,0
God Knows Where I Am,85,85,85,['Documentary'],,1h 39m,2016,"['Lori Singer', 'Todd Wider', 'Jedd Wider', 'Todd Wider', 'Jedd Wider']","['Todd Wider', 'Jedd Wider']",9369329,0,9369329,0
Dune Drifter,100,37,78,"['Sci-Fi', 'Action', 'Adventure']",,1h 35m,2020,"['Phoebe Sparrow', 'Daisy Aitkens', 'Simon Dwyer-Thomas', 'Alastair Kirton', 'Richard Corgan']",['Marc Price 2'],132555,0,132555,0
RiP! A Remix Manifesto,42,74,52,"['Documentary', 'Music']",,1h 20m,2009,"['Brett Gaylor', 'Brett Gaylor', 'Mila Aung-Thwin', 'Katherine Baulu']",['Brett Gaylor'],95059709,2450488,97510197,40000000
Experimenter,85,61,77,"['Biography', 'History', 'Drama']",PG-13,1h 37m,2015,"['Peter Sarsgaard', 'Winona Ryder', 'Dennis Haysbert', 'Jim Gaffigan', 'Taryn Manning']",['Michael Almereyda'],9369329,0,9369329,0
Lyle,100,40,79,"['Drama', 'Horror', 'LGBTQ+']",,1h 5m,2014,"['Gaby Hoffmann', 'Ingrid Jungermann', 'Eleanor Hopkins', 'Rebecca Street', 'Kim Allen']",['Stewart Thorndike'],132555,0,132555,0
One More Time With Feeling,100,92,97,"['Documentary', 'Music']",,1h 52m,2016,"['Nick Cave', 'Warren Ellis', 'Nick Cave & the Bad Seeds', 'Andrew Dominik', 'David Fowler']",['Andrew Dominik'],132555,0,132555,0
These Three,100,75,91,['Drama'],,1h 32m,1936,"['Miriam Hopkins', 'Merle Oberon', 'Joel McCrea', 'Bonita Granville', 'William Wyler']",['William Wyler'],132555,0,132555,0
Second Coming,78,37,64,['Drama'],,1h 45m,2014,"['Nadine Marshall', 'Idris Elba', 'Sharlene Whyte', 'Llewella Gideon', 'Larrington Walker']",['Debbie Tucker Green'],37664,9174,46838,0
Bad Santa 2,23,34,26,"['Holiday', 'Comedy']",R,1h 32m,2016,"['Billy Bob Thornton', 'Kathy Bates', 'Tony Cox', 'Christina Hendricks', 'Brett Kelly']",['Mark Waters'],549185,0,549185,0
The Games Maker,40,48,42,"['Kids & Family', 'Adventure']",,1h 51m,2014,"['Joseph Fiennes', 'Tom Cavanagh', 'Megan Charpentier', 'Valentina Lodovini', 'Robert Verlaque']",['Juan Pablo Buscarini'],67544505,20670651,88215156,35000000
Paranormal Activity: The Ghost Dimension,15,27,19,"['Horror', 'Mystery & Thriller']",R,1h 28m,2015,"['Chris J. Murray', 'Brit Shaw', 'Olivia Taylor Dudley', 'Dan Gill', 'Ivy George']",['Gregory Plotkin'],157299718,139039810,296339528,75000000
Don't Breathe 2,44,85,57,"['Mystery & Thriller', 'Horror', 'Action']",R,1h 38m,2021,"['Stephen Lang', 'Madelyn Grace', 'Brendan Sexton III', 'Adam Young', 'Bobby Schofield']",['Rodo Sayagues'],39768000,0,39768000,0
A Nightmare on Elm Street 3: Dream Warriors,68,68,68,['Horror'],R,1h 35m,1987,"['Heather Langenkamp', 'Patricia Arquette', 'Craig Wasson', 'Laurence Fishburne', 'Priscilla Pointer']",['Chuck Russell'],0,0,0,0
The Boy,30,38,32,"['Horror', 'Mystery & Thriller']",PG-13,1h 37m,2016,"['Lauren Cohan', 'Rupert Evans', 'Jim Norton', 'Diana Hardcastle', 'Ben Robson']",['William Brent Bell'],57231747,39223950,96455697,37000000
The Brotherhood of Satan,13,34,20,['Horror'],PG,1h 32m,1971,"['Strother Martin', 'L.Q. Jones', 'Charles Bateman', 'Ahna Capri', 'Charles Robinson']",['Bernard Mceveety'],52853219,16558151,69411370,50000000
Our Brand Is Crisis,36,34,35,['Comedy'],R,1h 48m,2015,"['Sandra Bullock', 'Billy Bob Thornton', 'Anthony Mackie', 'Joaquim de Almeida', 'Ann Dowd']",['David Gordon Green'],0,0,0,0
Carnage Park,61,29,50,"['Mystery & Thriller', 'Horror', 'Action']",,1h 20m,2016,"['Ashley Bell', 'Pat Healy', 'Alan Ruck', 'James Landry Hébert', 'Michael Villar']",['Mickey Keating'],4227648,0,4227648,0
The Fallen Idol,100,88,95,['Mystery & Thriller'],,1h 34m,1948,"['Ralph Richardson', 'Michèle Morgan', 'Bobby Henrey', 'Sonia Dresdel', 'Jack Hawkins']",['Carol Reed'],132555,0,132555,0
Menace II Society,85,93,87,['Drama'],R,1h 37m,1993,"['Tyrin Turner', 'Jada Pinkett Smith', 'Vonte Sweet', 'Larenz Tate', 'MC Eight']","['Allen Hughes', 'Albert Hughes']",9369329,0,9369329,0
Delirium,0,52,17,"['Horror', 'Mystery & Thriller']",R,1h 36m,2018,"['Topher Grace', 'Patricia Clarkson', 'Genesis Rodriguez', 'Callan Mulvey', 'Robin Thomas']",['Dennis Iliadis'],0,0,0,0
Now You See Me 2,34,53,40,"['Adventure', 'Comedy']",PG-13,2h 9m,2016,"['Jesse Eisenberg', 'Mark Ruffalo', 'Woody Harrelson', 'Dave Franco', 'Daniel Radcliffe']",['Jon Chu'],37410850,0,37410850,0
The Reckoning,20,26,22,['Horror'],,1h 51m,2021,"['Charlotte Kirk', 'Joe Anderson', 'Steven Waddington', 'Sean Pertwee', 'Ian Whyte']",['1145736 Neil Marshall'],160942139,271028977,431971116,142000000
Rolling Papers,58,65,60,"['Documentary', 'Biography']",,1h 19m,2015,"['Ricardo Baca', 'Mitch Dickman', 'Dave Berlin', 'Walker Deibel', 'Chad Troutwine']",['Mitch Dickman'],117540947,122490327,240031274,70000000
The Virginian,100,89,96,['Western'],,1h 30m,1929,"['Gary Cooper', 'Walter Huston', 'Richard Arlen', 'Mary Brian', 'Helen Ware']",['Victor Fleming'],132555,0,132555,0
Zeus and Roxanne,40,42,40,"['Kids & Family', 'Comedy', 'Drama', 'Adventure']",PG,1h 38m,1997,"['Steve Guttenberg', 'Kathleen Quinlan', 'Arnold Vosloo', 'Dawn McMillan', 'Miko Hughes']",['George T Miller'],67544505,20670651,88215156,35000000
The Bag Man,11,22,14,"['Crime', 'Drama', 'Mystery & Thriller']",R,1h 48m,2014,"['Robert De Niro', 'John Cusack', 'Dominic Purcell', 'Crispin Glover', 'Martin Klebba']",['David Grovic'],183417150,267300000,450717150,85000000
1982,95,84,91,"['History', 'Drama', 'War']",,1h 40m,2019,"['Nadine Labaki', 'Mohamad Dalli', 'Rodrigue Sleiman', 'Aliya Khalidi', 'Ghassan Maalouf']",['Oualid Mouaness'],7362439,1940583,9303022,0
Gabby Giffords Won't Back Down,100,96,98,['Documentary'],PG-13,1h 37m,2022,"['Gabby Giffords', 'Mark Kelly', 'Julie Cohen', 'Betsy West', 'Lisa Erspamer']","['Julie Cohen 2', 'Betsy West']",132555,0,132555,0
Blood Sucking Freaks,29,46,34,['Horror'],,1h 31m,1976,"[""Seamus O'Brien"", 'Viju Krem', 'Niles McMaster', 'Dan Fauci', 'Alan Dellay']",['Joel M Reed 6'],429028,0,429028,5000000
The Nightingale,86,73,81,"['Mystery & Thriller', 'Adventure', 'Drama']",R,2h 16m,2018,"['Aisling Franciosi', 'Sam Claflin', 'Baykali Ganambarr', 'Damon Herriman', 'Harry Greenwood']",['Jennifer Kent'],130319208,100366245,230685453,80000000
The Danish Girl,66,72,68,"['Biography', 'History', 'Drama', 'LGBTQ+']",R,2h 0m,2015,"['Eddie Redmayne', 'Alicia Vikander', 'Ben Whishaw', 'Sebastian Koch', 'Amber Heard']",['Tomhooper'],224614,1705519,1930133,0
Slap Shot 2: Breaking the Ice,0,36,12,['Comedy'],R,1h 44m,2002,"['Stephen Baldwin', 'Jessica Steen', 'Gary Busey', 'David Hemmings', 'David Paetkau']",['Steve Boyum'],0,0,0,0
Eyewitness,75,37,62,['Mystery & Thriller'],R,1h 43m,1981,"['William Hurt', 'Sigourney Weaver', 'Christopher Plummer', 'James Woods', 'Irene Worth']",['Peter Yates'],1236408,0,1236408,0
A Street Cat Named Bob,77,77,77,"['Drama', 'Biography']",,1h 43m,2016,"['Luke Treadaway', 'Ruta Gedmintas', 'Joanne Froggatt', 'Anthony Head', 'Caroline Goodall']",['Roger Spottiswoode'],157066392,281900000,438966392,0
The Long Weekend,0,15,5,"['Mystery & Thriller', 'Drama']",R,1h 28m,2008,"['Jim Caviezel', 'Claudia Karvan', 'Robert Taylor', 'John Brumpton', 'Roger Ward']",['Jamie Blanks'],0,0,0,0
Paddington,97,80,91,"['Kids & Family', 'Comedy', 'Adventure']",PG,1h 35m,2014,"['Hugh Bonneville', 'Sally Hawkins', 'Julie Walters', 'Jim Broadbent', 'Peter Capaldi']",['Paul King 4'],340726,0,340726,0
Stray Dog,100,64,87,['Documentary'],,1h 38m,2014,"['Debra Granik', 'Debra Granik', 'Anne Rosellini', 'Victoria Stewart', 'Eric Phillips-Horst']",['Debra Granik'],132555,0,132555,0
Milton's Secret,38,69,48,['Drama'],PG,1h 28m,2016,"['Donald Sutherland', 'Michelle Rodriguez', 'Mia Kirshner', 'David Sutcliffe', 'William Ainscough']",['Barnet Bain'],676407,0,676407,0
A Nightmare on Elm Street 3: Dream Warriors,68,68,68,['Horror'],R,1h 35m,1987,"['Heather Langenkamp', 'Patricia Arquette', 'Craig Wasson', 'Laurence Fishburne', 'Priscilla Pointer']",['Chuck Russell'],0,0,0,0
Becoming Mike Nichols,70,67,69,['Documentary'],,1h 12m,2016,"['Mike Nichols', ""Jack O'Brien"", 'Douglas McGrath', 'Ellin Baumel', 'Douglas McGrath']",['Douglas Mcgrath'],2540965,166872,2707837,0
Circle,57,42,52,"['Drama', 'Horror', 'Sci-Fi', 'Mystery & Thriller']",,1h 27m,2015,"['Julie Benz', 'Mercy Malick', 'Carter Jenkins', 'Sara Sanderson', 'Lisa Pelikan']","['Aaron Hann', 'Mario Miscione']",333060,0,333060,0
It's Such a Beautiful Day,100,92,97,"['Comedy', 'Drama', 'Animation']",,1h 2m,2012,"['Don Hertzfeldt', 'Don Hertzfeldt', 'Don Hertzfeldt', 'Don Hertzfeldt']",['Don Hertzfeldt'],132555,0,132555,0
Hoodies vs Hooligans,38,32,36,"['Mystery & Thriller', 'Action']",,1h 32m,2014,"['Doug Allen', 'Harley Sylvester', 'David Essex', 'Vas Blackwood', 'Jay Simpson']",['Gabe Turner 2'],676407,0,676407,0
In My Father's House,92,42,75,['Documentary'],R,1h 33m,2015,"['Rhymefest', 'Ricki Stern', 'Annie Sundberg']","['1175539 Ricki Stern', 'Annie Sundberg']",50410,0,50410,0
The Fan,37,35,36,['Mystery & Thriller'],R,1h 57m,1996,"['Robert De Niro', 'Wesley Snipes', 'Ellen Barkin', 'John Leguizamo', 'Benicio del Toro']",['Tony Scott'],446125,0,446125,0
Porky's Revenge,23,33,26,['Comedy'],R,1h 33m,1985,"['Dan Monahan', 'Chuck Mitchell', 'Kaki Hunter', 'Wyatt Knight', 'Tony Ganios']",['Jimmie Komack'],549185,0,549185,0
What to Expect When You're Expecting,23,47,31,"['Comedy', 'Drama', 'Romance']",PG-13,1h 50m,2012,"['Cameron Diaz', 'Jennifer Lopez', 'Elizabeth Banks', 'Chace Crawford', 'Brooklyn Decker']",['1128005 Kirk Jones'],549185,0,549185,0
The Phantom of the Open,86,90,87,"['Comedy', 'Drama']",PG-13,1h 46m,2021,"['Mark Rylance', 'Sally Hawkins', 'Rhys Ifans', 'Jake Davies', 'Christian Lees']",['Craig Roberts'],130319208,100366245,230685453,80000000
Anne of Green Gables,100,96,98,"['Drama', 'Kids & Family']",,3h 17m,1985,"['Megan Follows', 'Colleen Dewhurst', 'Richard Farnsworth', 'Patricia Hamilton', 'Schuyler Grant']",['1043346 Kevin Sullivan'],132555,0,132555,0
Blood Father,89,63,80,"['Action', 'Mystery & Thriller']",R,1h 28m,2016,"['Mel Gibson', 'Erin Moriarty', 'Diego Luna', 'William H. Macy', 'Michael Parks']",['Jean Francois Richet'],2043889,0,2043889,0
The L.A. Riot Spectacular,38,39,38,['Comedy'],R,1h 20m,2005,"['Christopher McDonald', 'Emilio Estevez', 'T.K. Carter', 'Ronny Cox', 'Charles S. Dutton']",['Marc Klasfeld'],676407,0,676407,0
The Phenom,79,38,65,['Drama'],,1h 30m,2016,"['Johnny Simmons', 'Ethan Hawke', 'Paul Giamatti', 'Sophie Kennedy Clark', 'Alison Elliott']",['Noah Buschel'],5696391,0,5696391,0
Snow White: A Tale of Terror,55,57,55,['Fantasy'],TV14,1h 41m,1997,"['Sigourney Weaver', 'Sam Neill', 'Gil Bellows', 'Taryn Davis', 'Brian Glover']",['Michael Cohn'],56732,0,56732,0
The Raven,22,46,30,['Mystery & Thriller'],R,1h 51m,2012,"['John Cusack', 'Luke Evans', 'Alice Eve', 'Brendan Gleeson', 'Oliver Jackson-Cohen']",['1165744 James Mcteigue'],36108758,30200000,66308758,50000000
Into the Grizzly Maze,36,24,32,"['Adventure', 'Action', 'Mystery & Thriller']",R,1h 29m,2014,"['James Marsden', 'Thomas Jane', 'Piper Perabo', 'Billy Bob Thornton', 'Scott Glenn']",['David Hackl'],0,0,0,0
The Mating Habits of the Earthbound Human,33,72,46,['Comedy'],R,1h 30m,1999,"['Mackenzie Astin', 'Carmen Electra', 'Markus Redmond', 'Lucy Liu', 'Lisa Rotondi']",['Jeff Abugov'],12227722,15744301,27972023,0
Bombshell: The Hedy Lamarr Story,95,85,91,['Documentary'],,1h 30m,2017,"['Mel Brooks', 'Diane Kruger', 'Peter Bogdanovich', 'Richard Rhodes', 'Bob Osborne']",['Alexandra Dean 2'],7362439,1940583,9303022,0
Cupcakes,78,62,72,"['Comedy', 'LGBTQ+']",,1h 32m,2013,"['Dana Ivgy', 'Efrat Dor', 'Ofer Shechter', 'Keren Berger', 'Anat Waxman']",['Eytan Fox'],37664,9174,46838,0
American Jesus,63,33,53,['Documentary'],,1h 20m,2013,"['Keenan Smith', 'Mara Einstein', 'Mickey Stonier', 'Douglas Rushkoff', 'Jason David Frank']",['Aram Garriga'],2689252,0,2689252,0
Escape to Witch Mountain,74,59,69,"['Kids & Family', 'Sci-Fi']",G,1h 37m,1975,"['Eddie Albert', 'Ray Milland', 'Donald Pleasence', 'Kim Richards', 'Ike Eisenmann']",['John Hough'],95697,0,95697,0
The Life and Crimes of Doris Payne,65,74,68,['Documentary'],,1h 14m,2013,"['Matthew Pond', 'Kirk Marcolina', 'Matthew Pond', 'Mark Rivett', 'Peter Holland']","['Matthew Pond', 'Kirk Marcolina']",32062904,28667664,60730568,0
About Scout,60,40,53,['Drama'],,1h 49m,2015,"['India Ennenga', 'Onata Aprile', 'Nikki Reed', 'Shelley Hennig', 'Ellen Burstyn']",['Laurie Weltz'],101648571,135553728,237202299,90000000
Foxfire,68,50,61,['Drama'],,2h 23m,2012,"['Ali Liebert', 'Raven Adamson', 'Katie Coseni', 'Madeleine Bisson', 'Claire Mazerolle']",['Laurent Cantet'],0,0,0,0
Supercross: The Movie,5,62,23,['Action'],PG-13,1h 32m,2005,"['Steve Howey', 'Mike Vogel', 'Cameron Richardson', 'Sophia Bush', 'Aaron Carter']",['Steve Boyum'],127725035,125154000,252879035,0
The Choice,11,61,27,"['Romance', 'Drama']",PG-13,1h 51m,2016,"['Benjamin Walker', 'Teresa Palmer', 'Maggie Grace', 'Alexandra Daddario', 'Tom Wilkinson']",['Ross Katz'],183417150,267300000,450717150,85000000
Entertainment,84,45,71,['Comedy'],R,1h 42m,2015,"['Gregg Turkington', 'Annabella Lwin', 'Tye Sheridan', 'John C. Reilly', 'Susan Cernas']",['Rick Alverson'],42027,0,42027,0
The Hallelujah Trail,33,66,44,"['Western', 'Comedy']",,2h 32m,1965,"['Burt Lancaster', 'Lee Remick', 'Jim Hutton', 'Brian Keith', 'Martin Landau']",['John Sturges'],12227722,15744301,27972023,0
Storm Warning,100,37,78,['Horror'],R,1h 22m,2007,"['Nadia Farès', 'John Brumpton', 'Robert Taylor', 'Jamie Blanks', 'Everett De Roche']",['Jamie Blanks'],132555,0,132555,0
Let's Be Evil,17,15,16,"['Mystery & Thriller', 'Sci-Fi']",,1h 23m,2016,"['Elizabeth Morris', 'Isabelle Allen', 'Elliot James Langridge', 'Kara Tointon', 'Jamie Bernadette']",['Owen Martin'],64167069,72149811,136316880,0
Simone,51,36,46,"['Comedy', 'Drama', 'Fantasy', 'Sci-Fi']",PG-13,1h 57m,2002,"['Al Pacino', 'Catherine Keener', 'Pruitt Taylor Vince', 'Jay Mohr', 'Jason Schwartzman']",['Andrew Niccol'],42194060,63453042,105647102,70000000
American Flyers,67,90,74,['Drama'],PG-13,1h 54m,1985,"['Kevin Costner', 'David Marshall Grant', 'Rae Dawn Chong', 'Alexandra Paul', 'Janice Rule']",['John Badham'],5743,0,5743,0
Queen Mimi,91,74,85,['Documentary'],,1h 16m,2015,"['Marie ""Mimi"" Haist', 'Zach Galifianakis', 'Renée Zellweger', 'Yaniv Rokah', 'Yaniv Rokah']",['Yaniv Rokah'],6735922,0,6735922,0
"Spring, Summer, Fall, Winter ... and Spring",94,92,93,['Drama'],R,1h 42m,2003,"['Kim Ki-duk', 'Ha Yeo-jin', 'Ji Dae-han', 'Oh Yeong-su', 'Kim Young-min']",['Kim Ki Duk'],673151,101629,774780,0
Thought Crimes,89,64,80,['Documentary'],,1h 21m,2015,"['Erin Lee Carr', 'Erin Lee Carr']",['Erin Lee Carr'],2043889,0,2043889,0
Passage to Mars,29,85,47,['Documentary'],,1h 34m,2016,"['Zachary Quinto', 'Charlotte Rampling', 'Edwin ""Buzz"" Aldrin', 'Pascal Lee', 'Jean-Christophe Jeauffre']",['Jean Christophe Jeauffre'],429028,0,429028,5000000
Ice Age: Dawn of the Dinosaurs,46,63,51,"['Kids & Family', 'Comedy', 'Adventure', 'Animation']",PG,1h 34m,2009,"['Ray Romano', 'Denis Leary', 'John Leguizamo', 'Queen Latifah', 'Seann William Scott']",['Carlos Saldanha'],285585,600433,886018,0
I Am Bolt,86,62,78,['Documentary'],PG,1h 47m,2016,"['Usain Bolt', 'Pelé', 'Neymar', 'Serena Williams', 'Asafa Powell']","['Benjamin Turner', 'Gabe Turner 2']",130319208,100366245,230685453,80000000
You Can't Take It With You,95,88,92,['Comedy'],,2h 7m,1938,"['Jean Arthur', 'Lionel Barrymore', 'James Stewart', 'Edward Arnold', 'Mischa Auer']",['Frank Capra'],7362439,1940583,9303022,0
Liar,42,58,47,['Mystery & Thriller'],R,1h 42m,1997,"['Tim Roth', 'Chris Penn', 'Michael Rooker', 'Renée Zellweger', 'Ellen Burstyn']","['Jonas Pate', 'Joshua Pate']",95059709,2450488,97510197,40000000
Approaching the Unknown,43,16,34,"['Sci-Fi', 'Mystery & Thriller', 'Drama']",R,1h 30m,2016,"['Mark Strong', 'Luke Wilson', 'Sanaa Lathan', 'Anders Danielsen Lie', 'Charles Baker']",['Mark Elijah Rosenberg'],8840453,23602658,32443111,6000000
Cell,11,17,13,"['Horror', 'Mystery & Thriller']",R,1h 38m,2016,"['John Cusack', 'Samuel L. Jackson', 'Isabelle Fuhrman', 'Owen Teague', 'Clark Sarullo']",['Tod Williams'],183417150,267300000,450717150,85000000
The Brothers,63,84,70,"['Comedy', 'Drama', 'Romance']",R,1h 41m,2001,"['Morris Chestnut', 'D.L. Hughley', 'Bill Bellamy', 'Shemar Moore', 'Gabrielle Union']",['Gary Hardwick 4'],2689252,0,2689252,0
Good Kids,33,42,36,['Comedy'],R,1h 30m,2016,"['Nicholas Braun', 'Zoey Deutch', 'Israel Broussard', 'Ashley Judd', 'Demián Bichir']",['Chris Mccoy 2'],12227722,15744301,27972023,0
I Am Big Bird: The Caroll Spinney Story,84,80,82,"['Documentary', 'Biography', 'Drama']",,1h 30m,2014,"['Frank Oz', 'Roscoe Orman', 'Sonia Manzano', 'Caroll Spinney', 'Dave Goelz']","['Dave Lamattina', 'Chad N Walker']",42027,0,42027,0
The Challenger Disaster,92,82,88,['Drama'],TV14,1h 30m,2013,"['William Hurt', 'Bruce Greenwood', 'Joanne Whalley', 'Brian Dennehy', 'Kevin R. McNally']",['James Hawes Iii'],50410,0,50410,0
Trapped,17,48,27,"['Mystery & Thriller', 'Crime', 'Drama']",R,1h 45m,2002,"['Charlize Theron', 'Courtney Love', 'Stuart Townsend', 'Kevin Bacon', 'Pruitt Taylor Vince']",['Luis Mandoki'],64167069,72149811,136316880,0
Dead of Winter,77,47,67,"['Horror', 'Mystery & Thriller']",R,1h 40m,1986,"['Mary Steenburgen', 'Roddy McDowall', 'Jan Rubes', 'William Russ', 'Ken Pogue']",['Arthur Penn'],157066392,281900000,438966392,0
Innocent Blood,38,45,40,['Horror'],R,1h 52m,1992,"['Anne Parillaud', 'Robert Loggia', 'Anthony LaPaglia', 'David Proval', 'Don Rickles']",['John Landis'],676407,0,676407,0
Jaws the Revenge,0,15,5,"['Mystery & Thriller', 'Horror', 'Adventure']",PG-13,1h 29m,1987,"['Lorraine Gary', 'Lance Guest', 'Mario Van Peebles', 'Karen Young', 'Michael Caine']",['Joseph Sargent'],0,0,0,0
The Dog Lover,20,52,30,['Drama'],PG,1h 42m,2016,"['James Remar', 'Lea Thompson', 'Jayson Blair', 'Michael King', 'Christina Moore']",['Alex Ranarivelo'],160942139,271028977,431971116,142000000
Win It All,85,55,75,['Comedy'],,1h 30m,2017,"['Jake Johnson', 'Keegan-Michael Key', 'Joe Lo Truglio', 'Aislinn Derbez', 'Cliff Chamberlain']",['Joe Swanberg'],9369329,0,9369329,0
It's a Free World,86,71,81,['Drama'],,1h 36m,2007,"['Kierston Wareing', 'Juliet Ellis', 'Lesław Żurek', 'Joe Siffleet', 'Colin Coughlin']",['Kenneth Loach'],130319208,100366245,230685453,80000000
Girl With Green Eyes,83,60,75,['Drama'],,1h 31m,1964,"['Peter Finch', 'Rita Tushingham', 'Lynn Redgrave', 'Desmond Davis']",['Desmond Davis'],4055660,3295401,7351061,0
Deranged,40,56,45,['Horror'],R,1h 22m,1974,"['Roberts Blossom', 'Marion Waldman', 'Cosette Lee', 'Micki Moore', 'Robert Warner']","['Jeffrey Gillen', 'Tod Hackett']",67544505,20670651,88215156,35000000
Don't Think Twice,98,69,88,"['Comedy', 'Drama']",R,1h 28m,2016,"['Keegan-Michael Key', 'Gillian Jacobs', 'Mike Birbiglia', 'Kate Micucci', 'Tami Sagher']",['Mike Birbiglia'],100345,1843942,1944287,0
Planetarium,15,22,17,"['Drama', 'Fantasy', 'Mystery & Thriller', 'Romance']",,1h 45m,2016,"['Natalie Portman', 'Lily-Rose Depp', 'Emmanuel Salinger', 'Amira Casar', 'Pierre Salvadori']",['Rebecca Zlotowski'],157299718,139039810,296339528,75000000
Crackerjack,100,80,93,['Comedy'],,1h 32m,2002,"['Mick Molloy', 'Bill Hunter', 'Monica Maughan', 'John Clarke', 'Samuel Johnson']",['Paul Moloney'],132555,0,132555,0
Hotel Mumbai,77,88,80,"['Mystery & Thriller', 'Drama']",R,2h 5m,2018,"['Armie Hammer', 'Dev Patel', 'Nazanin Boniadi', 'Tilda Cobham-Hervey', 'Anupam Kher']",['Anthony Maras'],157066392,281900000,438966392,0
Intermission,74,75,74,"['Comedy', 'Drama']",R,1h 43m,2003,"['Colin Farrell', 'Shirley Henderson', 'Kelly Macdonald', 'Colm Meaney', 'Cillian Murphy']",['John Crowley'],95697,0,95697,0
I Am Wrath,10,32,17,"['Action', 'Crime', 'Drama', 'Mystery & Thriller']",R,1h 32m,2016,"['John Travolta', 'Amanda Schull', 'Christopher Meloni', 'Rebecca De Mornay', 'Luis Da Silva Jr.']",['Chuck Russell'],53481325,49052486,102533811,0
The Worst Year of My Life,67,67,67,"['Comedy', 'Drama']",,1h 21m,2015,"['Trevor St. John David', 'Amy Vorpahl', 'Cate Beehan', 'Nicholas Tucci', 'Nicole Day']",['Jonathan Smith 4'],5743,0,5743,0
Highwater,43,74,53,"['Documentary', 'Adventure']",,1h 30m,2008,"['Dana Brown', 'Dana Brown', 'Johnathan Dorfman', 'Temple Fennell', 'Stephen Hays']",['Dana Brown 3'],8840453,23602658,32443111,6000000
The Pleasures of Being Out of Step,100,57,85,['Documentary'],,1h 27m,2013,"['Andre Braugher', 'David L. Lewis', 'David L. Lewis', 'Tom Hurwitz', 'Samuel D. Pollard']",['David L Lewis'],132555,0,132555,0
InRealLife,46,29,40,['Documentary'],,1h 26m,2013,"['Sherry Turkle', 'Nicholas Negroponte', 'Norman Doidge', 'Nicholas G. Carr', 'Maggie Jackson']",['Beeban Kidron'],285585,600433,886018,0
Hot Rod,39,64,47,"['Comedy', 'Action']",PG-13,1h 28m,2007,"['Andy Samberg', 'Jorma Taccone', 'Bill Hader', 'Danny McBride', 'Isla Fisher']",['Akiva Schaffer'],13261851,14928752,28190603,26000000
Money for Nothing: Inside the Federal Reserve,62,83,69,['Documentary'],,1h 50m,2012,"['Liev Schreiber', 'Jim Bruce', 'Jim Bruce', 'Jim Bruce', 'Robert Richman']",['Jim Bruce'],115000000,889,115000889,0
Changing the Game,100,53,84,"['Documentary', 'LGBTQ+', 'Sports & Fitness']",,1h 28m,2019,"['Mack Beggs', 'Sarah Rose Huckman', 'Andraya Yearwood', 'Michael Barnett', 'Michael Mahaffie']",['Michael Barnett 2'],132555,0,132555,0
The Age of Adaline,55,67,59,"['Romance', 'Drama', 'Fantasy']",PG-13,1h 53m,2015,"['Blake Lively', 'Michiel Huisman', 'Kathy Baker', 'Harrison Ford', 'Ellen Burstyn']",['Lee Toland Krieger'],56732,0,56732,0
Two Step,100,69,89,"['Mystery & Thriller', 'Crime', 'Drama']",,1h 34m,2014,"['Beth Broderick', 'James Landry Hébert', 'Skyy Moore', 'Jason Douglas', 'Ashley Spillers']",['Alex R Johnson'],132555,0,132555,0
Easy Does It,29,81,46,"['Comedy', 'Adventure']",,1h 37m,2020,"['Ben Matheny', 'Linda Hamilton', 'Bryan Batt', 'Dwight Henry', 'Matthew Paul Martinez']",['Will Addison'],429028,0,429028,5000000
The Château,51,30,44,['Comedy'],R,1h 33m,2001,"['Paul Rudd', 'Sylvie Testud', 'Romany Malco', 'Didier Flamand', 'Nathalie Jouen']",['Jesse Peretz'],42194060,63453042,105647102,70000000
Symptoms,100,57,85,['Horror'],R,1h 31m,1974,"['Angela Pleasence', 'Lorna Heilbron', 'Peter Vaughan', 'José Ramón Larraz']",['Joseph Larraz'],132555,0,132555,0
Barbie,88,83,86,['Comedy'],PG-13,1h 54m,2023,"['Margot Robbie', 'Ryan Gosling', 'America Ferrera', 'Kate McKinnon', 'Issa Rae']",['Greta Gerwig'],13110903,0,13110903,0
Beautiful People,80,85,81,['Drama'],R,1h 47m,1999,"['Charlotte Coleman', 'Charles Kay', 'Rosalind Ayres', 'Roger Sloman', 'Heather Tobias']",['Jasmin Dizdar'],0,0,0,0
Blackbird,20,29,23,"['Romance', 'Drama']",,1h 30m,2022,"['Michael Flatley', 'Eric Roberts', 'Patrick Bergin', 'Nicole Evans', 'Ian Beattie']",['Michael Flatley 3'],160942139,271028977,431971116,142000000
Regression,14,22,16,"['Mystery & Thriller', 'Crime', 'Drama']",R,1h 46m,2015,"['Ethan Hawke', 'Emma Watson', 'David Thewlis', 'Lothaire Bluteau', 'Dale Dickey']",['Alejandro Amenabar'],325100054,424100000,749200054,175000000
Mickey and the Bear,100,75,91,['Drama'],R,1h 28m,2019,"['Camila Morrone', 'James Badge Dale', 'Calvin Demba', 'Ben Rosenfield', 'Rebecca Henderson']",['Annabelle Attanasio'],132555,0,132555,0
Gringo: The Dangerous Life of John McAfee,100,77,92,['Documentary'],,1h 40m,2016,"['Nanette Burstein', 'John McAfee', 'Nanette Burstein', 'Chi-Young Park', 'Michael Hirschorn']",['Nanette Burstein'],132555,0,132555,0
The Ritz,67,80,71,"['Comedy', 'LGBTQ+']",R,1h 31m,1976,"['Jack Weston', 'Rita Moreno', 'Jerry Stiller', 'Richard Lester']",['Richard Lester'],5743,0,5743,0
Indignation,81,74,78,['Drama'],R,1h 50m,2016,"['Logan Lerman', 'Sarah Gadon', 'Tracy Letts', 'Linda Emond', 'Ben Rosenfield']",['James Schamus'],676631,0,676631,0
A Thousand Kisses Deep,8,31,15,"['Mystery & Thriller', 'Romance', 'Sci-Fi']",,1h 24m,2011,"['Dougray Scott', 'Jodie Whittaker', 'Emilia Fox', 'David Warner', 'Allan Corduner']",['Dana Lustig'],116750901,126124177,242875078,41000000
World of Tomorrow,100,90,96,"['Sci-Fi', 'Animation']",,17m,2015,"['Julia Pott', 'Winona Mae', 'Sara Cushman', 'Don Hertzfeldt', 'Don Hertzfeldt']",['Don Hertzfeldt'],132555,0,132555,0
Late Phases,62,44,55,"['Horror', 'Mystery & Thriller']",,1h 35m,2014,"['Nick Damici', 'Ethan Embry', 'Lance Guest', 'Tina Louise', 'Rutanya Alda']",['Adrian Garcia Bogliano 2'],115000000,889,115000889,0
Stealing Harvard,9,39,19,['Comedy'],PG-13,1h 20m,2002,"['Jason Lee', 'Tom Green', 'Leslie Mann', 'Megan Mullally', 'Dennis Farina']",['Bruce Mcculloch'],142502728,235114870,377617598,90000000
Berlin,78,85,80,"['Documentary', 'Music']",,1h 21m,2007,"['Emmanuelle Seigner', 'Lou Reed', 'Anohni', 'Brooklyn Youth Chorus', 'Rob Wasserman']",['Julian Schnabel'],37664,9174,46838,0
Paranormal Activity: The Marked Ones,39,34,37,"['Horror', 'Mystery & Thriller']",R,1h 24m,2014,"['Andrew Jacobs', 'Jorge Diaz', 'Gabrielle Walsh', 'Richard Cabral', 'Carlos Pratts']",['Christopher Landon'],13261851,14928752,28190603,26000000
A Little Bit of Heaven,4,52,20,"['Comedy', 'Drama', 'Romance']",PG-13,1h 46m,2011,"['Kate Hudson', 'Gael García Bernal', 'Kathy Bates', 'Lucy Punch', 'Romany Malco']",['Nicole Kassell'],858373000,1941066100,2799439100,356000000
The Captive City,70,67,69,"['Crime', 'Drama']",,1h 31m,1952,"['John Forsythe', 'Joan Camden', 'Harold J. Kennedy', 'Ray Teal', 'Marjorie Crossland']",['Robert Wise'],2540965,166872,2707837,0
The Wrath of God,38,30,35,"['Mystery & Thriller', 'Drama']",,1h 30m,2022,"['Juan Minujín', 'Macarena Achaga', 'Diego Peretti', 'Sebastián Schindel', 'Pablo Del Teso']",['Sebastian Schindel'],676407,0,676407,0
Amateur Night,0,25,8,['Comedy'],,1h 33m,2016,"['Jason Biggs', 'Janet Montgomery', 'Jenny Mollen', 'Bria L. Murphy', 'Ashley Tisdale']","['Lisa Addario', 'Joe Syracuse']",0,0,0,0
Batman: Return of the Caped Crusaders,94,68,85,"['Action', 'Adventure', 'Animation']",PG,1h 18m,2016,"['Adam West', 'Burt Ward', 'Julie Newmar', 'Wally Wingert', 'Rick Morales']",['Rick Morales 2'],673151,101629,774780,0
The Widowmaker,100,77,92,['Documentary'],,1h 35m,2015,"['Gillian Anderson', 'Patrick Forbes', 'Patrick Forbes', 'Stephanie Collins', 'Mark Bentley']",['Patrick Forbes'],132555,0,132555,0
Stations of the Elevated,100,33,77,['Documentary'],,46m,1981,"['Manfred Kirchheimer', 'Charles Mingus']",['Manny Kirchheimer'],132555,0,132555,0
Batman vs. Two-Face,100,61,86,"['Action', 'Comedy', 'Animation']",PG,1h 12m,2017,"['Adam West', 'William Shatner', 'Burt Ward', 'Julie Newmar', 'Steven Weber']",['Rick Morales 2'],132555,0,132555,0
