0,The United States vs. Billie Holiday,55,79,63,"['History', 'Drama', 'Biography', 'Music']",R,2h 10m,2021,"['Andra Day', 'Trevante Rhodes', 'Garrett Hedlund', 'Natasha Lyonne', ""Da'Vine Joy Randolph""]",['Lee Daniels']
1,The Man Who Loved Women,33,39,35,['Comedy'],R,1h 50m,1983,"['Burt Reynolds', 'Julie Andrews', 'Kim Basinger', 'Marilu Henner', 'Cynthia Sikes']",['Sam O Brown']
2,Redemption Day,13,49,25,"['Action', 'Mystery & Thriller']",R,1h 40m,2021,"['Gary Dourdan', 'Serinda Swan', 'Martin Donovan', 'Ernie Hudson', 'Andy Garcia']",['Hicham Hajji']
3,Becoming Cousteau,98,84,93,"['Documentary', 'Biography']",PG-13,1h 33m,2021,"['Vincent Cassel', 'Jacques-Yves Cousteau', 'Liz Garbus', 'Mark Monroe', 'Pax Wassermann']",['Liz Garbus']
4,Agnes,67,26,53,"['Horror', 'Drama']",,1h 33m,2021,"['Molly C. Quinn', 'Jake Horowitz', 'Sean Gunn', 'Chris Browning', 'Ben Hall']",['Mickey Reece']
5,The Birthday Cake,23,91,45,"['Mystery & Thriller', 'Crime', 'Drama']",R,1h 23m,2021,"['Shiloh Fernandez', 'Val Kilmer', 'Ewan McGregor', 'Paul Sorvino', 'William Fichtner']",['G']
6,The Kill Hole,25,27,25,"['Action', 'Mystery & Thriller']",,1h 31m,2012,"['Chadwick Boseman', 'Tory Kittles', 'Billy Zane', 'Peter Greene', 'Ted Rooney']",['Mischa Webley']
7,Seaspiracy,75,87,79,['Documentary'],,1h 29m,2021,"['Ali Tabrizi', 'Kip Andersen']",['Ali Tabrizi']
8,The Fox and the Hound,75,78,76,"['Kids & Family', 'Drama', 'Animation']",G,1h 23m,1981,"['Mickey Rooney', 'Kurt Russell', 'Pearl Bailey', 'Jack Albertson', 'Sandy Duncan']","['Ted Berman', 'Richard Rich', 'Art Stevens']"
9,Hacksaw Ridge,84,91,86,"['War', 'History', 'Drama', 'Biography']",R,2h 19m,2016,"['Andrew Garfield', 'Sam Worthington', 'Luke Bracey', 'Teresa Palmer', 'Hugo Weaving']",['Mel Gibson']
10,The Blazing World,59,84,67,"['Horror', 'Mystery & Thriller']",,1h 41m,2021,"['Carlson Young', 'Dermot Mulroney', 'John Karna', 'Ace Anderson', 'Sophia Bernard']",['Carlson Young']
11,Luz,43,99,61,"['Drama', 'Romance', 'LGBTQ+']",,1h 58m,2020,"['Ernesto Reyes', 'Jesse Tayeh', 'Jimmy Garcia', 'Alma Gloria Garcia', 'Lowell Deo']",['Jon Garcia']
12,The Last Mimzy,55,54,54,"['Kids & Family', 'Fantasy', 'Adventure']",PG,1h 38m,2007,"['Joely Richardson', 'Timothy Hutton', 'Rainn Wilson', 'Rhiannon Leigh Wryn', ""Chris O'Neil""]",['Le Moko']
13,The Rundown,70,66,68,"['Adventure', 'Action', 'Comedy']",PG-13,1h 44m,2003,"['Dwayne Johnson', 'Seann William Scott', 'Rosario Dawson', 'Christopher Walken', 'Ewen Bremner']",['Pete Berg']
14,Hey Hey It's Esther Blueburger,50,55,51,"['Comedy', 'Drama']",PG-13,1h 43m,2008,"['Keisha Castle-Hughes', 'Danielle Catanzariti', 'Essie Davis', 'Russell Dykstra', 'Nikita Adams']",['Cathy Randall']
15,The Return of Tanya Tucker: Featuring Brandi Carlile,92,96,93,"['Documentary', 'Music']",R,1h 48m,2022,"['Tanya Tucker', 'Brandi Carlile', 'Kathlyn Horan', 'Kathlyn Horan', 'Julie Goldman']",['Kathlyn Horan']
16,John and the Hole,60,27,49,"['Mystery & Thriller', 'Drama']",R,1h 44m,2020,"['Charlie Shotwell', 'Michael C. Hall', 'Taissa Farmiga', 'Jennifer Ehle', ""Ben O'Brien""]",['Pascual Sisto 2']
17,Beanie Mania,100,74,91,['Documentary'],,Documentary,2021,"['Yemisi Brookes', 'Angie Day', 'Sunshine Jackson', 'Matt Robins', 'Gillian Pachter']",['Yemisi Brookes']
18,Here After,30,23,27,"['Romance', 'Comedy', 'Fantasy']",,1h 58m,2020,"['Christina Ricci', 'Andy Karl', 'Nora Arnezeder', 'Jackie Cruz', 'Michael Rispoli']",['Harry Greenberger']
19,A Choice of Weapons: Inspired by Gordon Parks,88,41,72,['Documentary'],,1h 30m,2021,"['Kareem Abdul-Jabaar', 'Anderson Cooper', 'Spike Lee', 'Gordon Parks', 'LaToya Ruby Frazier']",['John Maggio']
20,The Draughtsman's Contract,97,85,92,"['Comedy', 'Drama']",R,1h 48m,1982,"['Anthony Higgins', 'Janet Suzman', 'Anne Louise Lambert', 'Neil Cunningham', 'Dave Hill']",['Peter Greenaway']
21,What Time Is It There?,85,79,83,"['Comedy', 'Drama']",,1h 56m,2001,"['Lee Kang-sheng', 'Shiang-chyi Chen', 'Chen Yi-ching', 'Miao Tien', 'Cecilia Yip']",['771484376']
22,Out of the Dark,24,23,23,"['Horror', 'Mystery & Thriller']",R,1h 32m,2014,"['Julia Stiles', 'Scott Speedman', 'Stephen Rea', 'Pixie Davies', 'Alejandro Furth']",['Lluis Quilez']
23,The Basement,20,27,22,['Horror'],,1h 30m,2018,"['Mischa Barton', 'Tracie Thoms', 'Bailey Anne Borders', 'Jackson Davis', 'Kareem J. Grimes']","['Brian M Conley', 'Nathan Ives']"
24,Small Town Wisconsin,83,88,84,"['Comedy', 'Drama']",,1h 49m,2020,"['David Sullivan', 'Bill Heck', 'Kristen Johnston', 'Tanya Fischer', 'Cooper J. Friedman']",['Niels Mueller']
25,The Scrapper,88,80,85,"['Mystery & Thriller', 'Crime', 'Drama']",,1h 27m,2021,"['Bari Kang', 'Samrat Chakrabarti', 'Craig muMs Grant', 'Ava Paloma', 'Anil Kumar']",['Bari Kang']
26,Exodus,65,69,66,"['History', 'Drama']",,3h 27m,1960,"['Paul Newman', 'Eva Marie Saint', 'Ralph Richardson', 'Peter Lawford', 'Lee J. Cobb']",['Otto Preminger']
27,Lady of the Manor,25,39,29,"['Comedy', 'Fantasy']",R,1h 36m,2021,"['Melanie Lynskey', 'Judy Greer', 'Justin Long', 'Luis Guzmán', 'Ryan Phillippe']","['Justin Long', 'Christian Long']"
28,The Face of Love,44,32,40,"['Drama', 'Romance']",PG-13,1h 32m,2013,"['Annette Bening', 'Ed Harris', 'Robin Williams', 'Jess Weixler', 'Amy Brenneman']",['Arie Posin']
29,Stray Dogs,86,52,74,['Drama'],,2h 18m,2013,"['Shiang-chyi Chen', 'Lee Kang-sheng', 'Yi-Ching Lu', 'Yi Cheng Lee', 'Yi Chieh Lee']",['771484376']
30,Sankofa,93,89,91,['Drama'],,2h 4m,1993,"['Oyafunmike Ogunlano', 'Kofi Ghanaba', 'Alexandra Duah', 'Nick Medley', 'Haile Gerima']",['Haile Gerima']
31,The Subject,67,33,55,['Drama'],,1h 59m,2020,"['Jason Biggs', 'Aunjanue Ellis-Taylor', 'Anabelle Acosta', 'Carra Patterson', 'Nile Bullock']",['Lanie Zipoy']
32,Good,34,32,33,"['History', 'Drama']",R,1h 36m,2008,"['Viggo Mortensen', 'Jason Isaacs', 'Jodie Whittaker', 'Mark Strong', 'Steven Mackintosh']",['Vicente Amorim']
33,Ride the Eagle,84,67,78,['Comedy'],,1h 25m,2021,"['Jake Johnson', 'Susan Sarandon', 'J.K. Simmons', ""D'Arcy Carden"", 'Eric Edelstein']",['Trent Odonnell']
34,My True Fairytale,38,50,42,"['Drama', 'Mystery & Thriller']",,1h 26m,2021,"['Emma Kennedy', 'Bruce Davison', 'Joanna Cassidy', 'Taylor Cole', 'Corin Nemec']",['D Mitry 2']
35,Undercover Punch and Gun,17,20,18,"['Action', 'Mystery & Thriller']",,1h 32m,2019,"['Nicholas Tse', 'Philip Ng', 'Andy On', 'Carrie Ng', 'Vanness Wu']","['Lui Koon Nam', 'Frankie Tam']"
36,The Cleaner,83,87,84,"['Crime', 'Drama', 'Mystery & Thriller']",,1h 33m,2021,"['King Orba', 'Lynda Carter', 'Luke Wilson', 'Noel Gugliemi', 'Soleil Moon Frye']",['Erin Elders']
37,The Last Time I Saw Macao,91,50,77,"['Crime', 'Drama']",,1h 25m,2012,"['João Rui Guerra Da Mata', 'João Pedro Rodrigues', 'Cindy Scrash', 'João Pedro Rodrigues', 'João Rui Guerra Da Mata']","['Joao Pedro Rodrigues', 'Joao Rui Guerra Da Mata']"
38,Up Close & Personal,32,66,43,['Romance'],PG-13,2h 4m,1996,"['Robert Redford', 'Michelle Pfeiffer', 'Stockard Channing', 'Joe Mantegna', 'Kate Nelligan']",['Jon Avnet']
39,Bless Their Little Hearts,100,67,88,['Drama'],,1h 20m,1984,"['Nate Hardman', 'Kaycee Moore', 'Angela Burnett', 'Ronald Burnett', 'Kimberly Burnett']",['Billy Woodberry']
40,The Canyonlands,17,20,18,"['Horror', 'Mystery & Thriller']",,1h 39m,2021,"['Steph Barkley', 'Marqus Bobesich', 'Wayne Charles Baker', 'Dennis Connors', 'Sheldon Brown']",['Brendan Devane']
41,Kid 90,76,72,74,['Documentary'],,1h 11m,2021,"['Soleil Moon Frye', 'David Arquette', 'Stephen Dorff', 'Balthazar Getty', 'Mark-Paul Gosselaar']",['Soleil Moon Frye']
42,Ted Bundy: American Boogeyman,0,19,6,"['Crime', 'Drama']",,1h 50m,2021,"['Chad Michael Murray', 'Holland Roden', 'Greer Grammer', 'Jake Hays', 'Lin Shaye']",['Daniel Farrands 2']
43,Everybody's Talking About Jamie,82,68,77,"['Musical', 'Drama', 'LGBTQ+']",PG-13,2h 1m,2021,"['Max Harwood', 'Sarah Lancashire', 'Lauren Patel', 'Shobna Gulati', 'Ralph Ineson']",['Jonathan Butterell']
44,Santa's Slay,40,44,41,"['Holiday', 'Comedy', 'Horror']",R,1h 18m,2005,"['Bill Goldberg', 'Douglas Smith', 'Emilie de Ravin', 'Robert Culp', 'Saul Rubinek']",['David Steiman']
45,The Comic,67,57,63,"['Comedy', 'Drama']",PG,1h 34m,1969,"['Dick Van Dyke', 'Michele Lee', 'Mickey Rooney', 'Cornel Wilde', 'Nina Wayne']",['Carl Reiner']
46,The Vault,58,52,56,"['Mystery & Thriller', 'Action', 'Crime', 'Drama']",R,1h 58m,2021,"['Freddie Highmore', 'Astrid Berges-Firsbey', 'Sam Riley', 'Liam Cunningham', 'José Coronado']",['Jaume Balaguero']
47,The Addams Family 2,28,69,41,"['Kids & Family', 'Comedy', 'Adventure', 'Animation']",PG,1h 33m,2021,"['Oscar Isaac', 'Charlize Theron', 'Chloë Grace Moretz', 'Bill Hader', 'Nick Kroll']","['Greg Tiernan', 'Conrad Vernon']"
48,Night at the Eagle Inn,83,32,66,"['Horror', 'Mystery & Thriller']",,1h 10m,2021,"['Amelia Dudley', 'Taylor Turner', 'Greg Schweers', 'Beau Minniear', 'Erik Bloomquist']",['Erik C Bloomquist']
49,The Gateway,51,40,47,"['Crime', 'Drama', 'Mystery & Thriller']",R,1h 31m,2021,"['Shea Whigham', 'Olivia Munn', 'Frank Grillo', 'Bruce Dern', 'Taryn Manning']",['Michele Civetta']
50,The Pretenders,20,33,24,[],,2018,2018,"['Jack Kilmer', 'Lonnie Moore', 'Jane Levy', 'Brian Cox', 'James Franco']",['James Franco']
51,Vicious Fun,88,67,81,"['Horror', 'Comedy']",,1h 41m,2020,"['Evan Marsh', 'Amber Goldfarb', 'Ari Millen', 'Julian Richings', 'Robert Maillet']",['Cody Calahan']
52,Black and White in Color,100,69,89,"['Comedy', 'Drama', 'War']",PG,1h 30m,1976,"['Jean Carmet', 'Catherine Rouvel', 'Jacques Dufilho', 'Jacques Spiesser', 'Maurice Barrier']",['Jeanjacques Annaud']
53,The Mimic,58,65,60,['Comedy'],,1h 21m,2020,"['Thomas Sadoski', 'Jake Robinson', 'Austin Pendleton', 'Gina Gershon', 'Marilu Henner']",['Thomas F Mazziotti']
54,A Week Away,56,90,67,"['Musical', 'Romance']",,1h 37m,2021,"['Kevin Quinn', 'Bailee Madison', 'Sherri Shepherd', 'David Koechner', 'Ed Amatrudo']",['Roman White']
55,Risen,53,70,58,"['History', 'Drama']",PG-13,1h 48m,2016,"['Joseph Fiennes', 'Tom Felton', 'Peter Firth', 'Cliff Curtis', 'María Botto']",['Kevin Reynolds']
56,City of Lies,51,84,62,"['Crime', 'Drama', 'Mystery & Thriller']",R,1h 54m,2018,"['Johnny Depp', 'Forest Whitaker', 'Rockmond Dunbar', 'Neil Brown Jr.', 'Xander Berkeley']",['Brad Furman']
57,Just Another Love Story,74,83,77,"['Drama', 'Mystery & Thriller']",,1h 40m,2007,"['Anders W. Berthelsen', 'Rebecka Hemse', 'Nikolaj Lie Kaas', 'Charlotte Fich', 'Dejan Cukic']",['Ole Bornedal']
58,Ghost Team One,36,67,46,"['Comedy', 'Horror']",R,1h 23m,2013,"['Carlos Santos', 'J.R. Villarreal', 'Fernanda Romero', 'Tony Cavalero', 'Meghan Falcone']","['Ben Peyser', 'Scott Rutherford']"
59,13 Minutes,27,64,39,"['Mystery & Thriller', 'Drama', 'Action']",PG-13,1h 48m,2021,"['Amy Smart', 'Thora Birch', 'Peter Facinelli', 'Trace Adkins', 'Paz Vega']",['Lindsay Gossling']
60,Black Holes: The Edge of All We Know,100,82,93,['Documentary'],,1h 39m,2020,"['Peter Galison', 'Peter Galison', 'Greg Boustead', 'Jessica Harrop', 'Tim Cragg']",['Peter Galison']
61,Capernaum,90,93,91,['Drama'],R,2h 10m,2018,"['Zain Al Rafeea', 'Yordanos Shiferaw', 'Boluwatife Treasure Bankole', 'Kawthar Al Haddad', 'Fadi Yousef']",['Nadine Labaki']
62,Shang-Chi and the Legend of the Ten Rings,92,98,94,"['Action', 'Adventure', 'Fantasy']",PG-13,2h 13m,2021,"['Simu Liu', 'Awkwafina', ""Meng'er Zhang"", 'Fala Chen', 'Florian Munteanu']",['Destin Daniel Cretton']
63,Profile,61,75,65,"['Mystery & Thriller', 'Drama']",R,1h 45m,2018,"['Valene Kane', 'Shazad Latif', 'Christine Adams', 'Emma Cater', 'Amir Rahimzadeh']",['Timur Bekmambetov']
64,Rage,71,70,70,['Mystery & Thriller'],,2h 23m,2021,"['Matt Theo', 'Richard Norton', 'Hayley Beveridge', 'Tottie Goldsmith', 'Jasper Bagg']",['John Balazs']
65,Hall,80,8,55,"['Horror', 'Mystery & Thriller']",,1h 20m,2020,"['Julian Richings', 'Carolina Bartczak', 'Vlasta Vrana', 'Mark Gibson', 'Yumiko Shaku']",['Francesco Giannini 2']
66,Aileen Wuornos: American Boogeywoman,20,10,16,"['Crime', 'Drama']",,1h 40m,2021,"['Peyton List', 'Tobin Bell', 'Lydia Hearst', 'Nick Vallelonga', 'Swen Temmel']",['Daniel Farrands 2']
67,Quezon's Game,45,94,61,"['Drama', 'History']",,2h 7m,2018,"['Raymond Bagatsing', 'Rachel Alejandro', 'Kate Alejandrino', 'Billy Ray Gallion', 'David Bianco']",['Matthew E Rosen']
68,Black as Night,70,31,57,['Horror'],,1h 27m,2021,"['Asjha Cooper', 'Fabrizio Guido', 'Mason Beauchamp', 'Abbie Gayle', 'Craig Tate']",['Maritte Lee Go']
69,Prisoners of the Ghostland,61,53,58,"['Action', 'Adventure']",,1h 40m,2021,"['Nicolas Cage', 'Sofia Boutella', 'Nick Cassavetes', 'Bill Moseley', 'Tak Sakaguchi']",['Sion Sono']
70,The Pajama Game,87,63,79,"['Musical', 'Romance']",,1h 41m,1957,"['Doris Day', 'John Raitt', 'Carol Haney', 'Eddie Foy Jr.', 'Buzz Miller']","['George Abbott', 'Stanley Donen']"
71,Together,73,89,78,['Drama'],PG,1h 58m,2002,"['Tang Yun', 'Liu Peiqi', 'Chen Hong', 'Wang Zhi Wen', 'Chen Kaige']",['771692266']
72,Minyan,93,58,81,"['Drama', 'LGBTQ+']",,1h 58m,2020,"['Samuel H. Levine', 'Ron Rifkin', 'Christopher McCann', 'Alex Hurt', 'Riley Barnes']",['Eric Steel']
73,Well Groomed,95,91,93,['Documentary'],,1h 28m,2019,"['Nicole Beckman', 'Rebecca Stern', 'Dana Kalmey', 'Justin Levy', 'Matthew C. Mills']",['Rebecca Stern']
74,Dark City Beneath the Beat,100,83,94,"['Documentary', 'Music']",,1h 5m,2020,"['TT The Artist', 'Astrid Curet', 'Deniese Davis', 'Issa Rae', 'Kirby Griffin']",['Tt The Artist']
75,Fried Barry,80,60,73,"['Comedy', 'Sci-Fi', 'Horror']",,1h 39m,2020,"['Gary Green', 'Chanelle De Jager', 'Brett Williams', 'Joey Cramer', 'Sean Cameron Michael']",['Ryan Kruger']
76,"Mission: Impossible - Dead Reckoning, Part One",96,94,95,"['Action', 'Adventure', 'Mystery & Thriller']",PG-13,2h 43m,2023,"['Tom Cruise', 'Hayley Atwell', 'Ving Rhames', 'Simon Pegg', 'Rebecca Ferguson']",['Christopher Mcquarrie']
77,The Tomorrow War,52,76,60,"['Sci-Fi', 'Action', 'Adventure']",PG-13,2h 18m,2021,"['Chris Pratt', 'Yvonne Strahovski', 'J.K. Simmons', 'Betty Gilpin', 'Sam Richardson']",['Chris Mckay']
78,Ed Gein,10,40,20,['Drama'],,1h 30m,2001,"['Steve Railsback', 'Carrie Snodgress', 'Sally Champlin', 'Carol Mansell', 'Nancy Linehan Charles']",['Chuck Parello']
79,Minari,98,87,94,['Drama'],PG-13,1h 55m,2020,"['Steven Yeun', 'Han Ye-ri', 'Youn Yuh-jung', 'Will Patton', 'Alan Kim']",['Lee Isaac Chung']
80,Perfect Bid: The Contestant Who Knew Too Much,100,55,84,"['Documentary', 'History', 'Drama']",,1h 12m,2017,"['Bob Barker', 'Roger Dobkowitz', 'C.J. Wallis', 'Mallory Kennedy', 'C.J. Wallis']",['Cj Wallis']
81,There's Someone Inside Your House,47,17,37,['Horror'],,1h 36m,2021,"['Sydney Park', 'Théodore Pellerin', 'Asjha Cooper', 'Dale Whibley', 'Jesse LaTourette']",['Patrick Brice']
82,The Good Traitor,44,88,58,"['History', 'Drama']",,1h 50m,2020,"['Ulrich Thomsen', 'Denise Gough', 'Mikkel Boe Følsgaard', 'Zoe Tapper', 'Burn Gorman']",['Christina Rosendahl']
83,Annie Live!,100,29,76,"['Comedy', 'Drama', 'Musical']",,3h 0m,2021,"['Celina Smith', 'Taraji P. Henson', 'Harry Connick Jr.', 'Nicole Scherzinger', 'Tituss Burgess']","['Alex Rudzinski', 'Lear Debessonet']"
84,Welcome to the Dollhouse,93,86,90,"['Comedy', 'Drama']",R,1h 27m,1995,"['Heather Matarazzo', 'Daria Kalinina', 'Matthew Faber', 'Angela Pietropinto', 'Bill Buell']",['Todd Solondz']
85,As Luck Would Have It,38,48,41,"['Comedy', 'Drama']",,1h 38m,2011,"['José Mota', 'Salma Hayek', 'Manuel Tallafé', 'Blanca Portillo', 'Juan Luis Galiardo']",['Alex De La Iglesia']
86,Bliss,27,44,32,"['Sci-Fi', 'Romance', 'Drama']",R,1h 44m,2021,"['Owen Wilson', 'Salma Hayek', 'Nesta Cooper', 'Jorge Lendeborg', 'Ronny Chieng']",['Mike Cahill']
87,South of Heaven,47,54,49,"['Action', 'Drama', 'Crime']",,2h 0m,2021,"['Jason Sudeikis', 'Evangeline Lilly', 'Shea Whigham', 'Mike Colter', 'Michael Paré']",['Aharon Keshales']
88,Bloody Hell,91,80,87,"['Horror', 'Comedy']",R,1h 35m,2020,"[""Ben O'Toole"", 'Caroline Craig', 'Matthew Sunderland', 'Travis Jeffery', 'Jack Finsterer']",['Alister Grierson']
89,Killing Patient Zero,100,100,99,['Documentary'],,1h 40m,2019,"['Laurie Lynd', 'Laurie Lynd', 'Corey Russell', 'Paul Steinberg', 'Trevor Ambrose']",['Laurie Lynd']
90,Rescue Dogs: The Movie,17,84,39,"['Kids & Family', 'Adventure']",PG,1h 27m,2016,"['Paul Haapaniemi', 'Courtney Daniels', 'Fred Tatasciore', 'Peter Oldring', 'Tamara Garfield']","['Mj Anderson', 'Haik Katsikian']"
91,The Girl Who Believes in Miracles,40,93,57,['Drama'],PG,1h 40m,2021,"['Mira Sorvino', 'Austyn Johnson', 'Kevin Sorbo', 'Peter Coyote', 'Burgess Jenkins']",['Richard Correll']
92,Hurt,71,62,68,"['Holiday', 'Horror', 'Mystery & Thriller']",,1h 33m,2018,"['Emily Van Raay', 'Andrew Creer', 'Bradley Hamilton', 'Stephanie Moran', 'Michelle Treacy']",['Sonny Mallhi']
93,No One Gets Out Alive,65,39,56,"['Horror', 'Mystery & Thriller']",,Horror/Mystery & thriller,2021,"['Cristina Rodlo', 'Marc Menchaca', 'David Figlioli', 'Santiago Menghini', 'Jon Croker']",['Santiago Menghini']
94,American Fighter,50,64,54,['Action'],R,1h 38m,2019,"['George Kosturos', 'Tommy Flanagan', 'Bryan Craig', 'Christina Moore', 'Sean Patrick Flanery']",['Shaun Pau Piccinino']
95,Heavy,87,66,80,['Drama'],R,1h 45m,1995,"['Shelley Winters', 'Liv Tyler', 'Pruitt Taylor Vince', 'Deborah Harry', 'Joe Grifasi']",['James Mangold']
96,Those Who Wish Me Dead,62,86,70,"['Action', 'Mystery & Thriller']",R,1h 40m,2021,"['Angelina Jolie', 'Finn Little', 'Jon Bernthal', 'Aidan Gillen', 'Nicholas Hoult']",['Taylor Sheridan']
97,Nebraska,91,83,88,"['Drama', 'Comedy']",R,1h 54m,2013,"['Bruce Dern', 'Will Forte', 'June Squibb', 'Bob Odenkirk', 'Stacy Keach']",['Alexander Payne']
98,Guerrilla: The Taking of Patty Hearst,89,83,87,['Documentary'],,1h 29m,2004,"['Timothy Findley', 'Michael Bortin', 'Catherine Hearst', 'Evelle Younger', 'Marcus Foster']",['Robert Stone 3']
99,Passage to Marseille,60,57,59,['War'],,1h 50m,1944,"['Humphrey Bogart', 'Michèle Morgan', 'Claude Rains', 'Philip Dorn', 'Sydney Greenstreet']",['Michael Curtiz']
100,The Blackout Experiments,45,41,43,['Documentary'],,1h 21m,2016,"['Andrew Gallagher', 'Allison Fogarty', 'Bob Glouberman', 'Abel Horwitz', 'Jessica Sowa']",['Rich Fox']
101,In Time,37,51,41,"['Sci-Fi', 'Action']",PG-13,1h 49m,2011,"['Justin Timberlake', 'Amanda Seyfried', 'Cillian Murphy', 'Vincent Kartheiser', 'Olivia Wilde']",['Andrew Niccol']
102,Flinch,60,90,70,"['Crime', 'Drama']",,1h 32m,2021,"['Daniel Zovatto', 'Tilda Cobham-Hervey', 'Cathy Moriarty', 'David Proval', 'Buddy Duress']",['Cameron Van Hoy']
103,Transamerica,77,83,79,"['Comedy', 'Drama', 'LGBTQ+']",R,1h 43m,2005,"['Felicity Huffman', 'Kevin Zegers', 'Fionnula Flanagan', 'Graham Greene', 'Burt Young']",['Duncan Tucker']
104,Gone Too Far,73,58,68,"['Comedy', 'Drama']",,1h 28m,2013,"['Bhasker Patel', 'Adelayo Adedayo', 'Malachi Kirby', 'Shanika Warren-Markland', 'Pooja Shah']",['Destiny Ekaragha']
105,Blind Date,35,34,34,['Drama'],,1h 20m,2008,"['Stanley Tucci', 'Patricia Clarkson', 'Georgina Verbaan', 'Gerdy De Decker', 'Robin Holzhauer']",['Stanley Tucci']
106,Black Christmas,72,76,73,"['Holiday', 'Horror']",R,1h 38m,1974,"['Olivia Hussey', 'Margot Kidder', 'Keir Dullea', 'Andrea Martin', 'John Saxon']",['Bob Clark']
107,Bad Candy,50,26,41,"['Holiday', 'Horror', 'Mystery & Thriller']",,1h 40m,2020,"['Zach Galligan', 'Derek Russo', 'Corey Taylor', 'Haley Leary', 'Michael Aaron Milligan']","['Scott B Hansen 2', 'Desiree Connell 2']"
108,It's a Wonderful Afterlife,29,33,30,"['Romance', 'Comedy']",PG-13,1h 40m,2010,"['Shabana Azmi', 'Goldy Notay', 'Sendhil Ramamurthy', 'Sally Hawkins', 'Sanjeev Bhaskar']",['Gurinder Chadha']
109,Like a House on Fire,100,57,85,['Drama'],,1h 24m,2020,"['Sarah Sutherland', 'Jared Abrahamson', 'Dominique Provost-Chalkley', 'Amanda Brugel', 'Hubert Lenoir']",['Jesse Noah Klein']
110,Dramarama,100,77,92,"['Comedy', 'Drama', 'LGBTQ+']",,1h 31m,2020,"['Nick Pugliese', 'Nico Greetham', 'Zak Henri', 'Anna Grace Barlow', 'Megan Suri']",['Jonathan Wysocki']
111,Implanted,63,95,73,"['Mystery & Thriller', 'Sci-Fi']",,1h 33m,2021,"['Michelle Girolami', 'Ivo Velon', ""Susan O'Doherty"", 'Tony Sallemi', 'Édouard Montoute']",['Fabien Dufils']
112,The Villain,0,38,12,"['Western', 'Comedy']",PG,1h 29m,1979,"['Kirk Douglas', 'Ann-Margret', 'Arnold Schwarzenegger', 'Paul Lynde', 'Foster Brooks']",['Hal Needham']
113,The Sinners,47,41,45,"['Horror', 'Mystery & Thriller']",,1h 28m,2020,"['Kaitlyn Bernard', 'Brenna Llewellyn', 'Brenna Coates', 'Keilani Elizabeth Rose', 'Jasmine Randhawa']",['Courtney Paige']
114,The Djinn,86,69,80,"['Horror', 'Mystery & Thriller']",R,1h 22m,2021,"['Ezra Dewey', 'Rob Brownstein', 'Tevy Poe', 'Donald Pitts', 'John Erickson']","['David Charbonier 2', 'Justin Powell 2']"
115,Rumble,44,49,45,"['Kids & Family', 'Comedy', 'Fantasy', 'Animation']",PG,1h 44m,2021,"['Will Arnett', 'Terry Crews', 'Geraldine Viswanathan', 'Roman Reigns', 'Tony Danza']",['Hamish Grieve']
116,Too Late,75,72,74,"['Comedy', 'Horror']",,1h 19m,2021,"['Mary Lynn Rajskub', 'Fred Armisen', 'Jack De Sena', 'Ron Lynch', 'Brooks Wheelan']",['Dw Thomas 2']
117,Gun Crazy,91,84,88,"['Crime', 'Drama']",,1h 27m,1950,"['Peggy Cummins', 'John Dall', 'Berry Kroeger', 'Morris Carnovsky', 'Anabel Shaw']",['Joseph H Lewis']
118,Wrath of Man,67,90,74,"['Action', 'Mystery & Thriller', 'Crime', 'Drama']",R,1h 59m,2021,"['Jason Statham', 'Holt McCallany', 'Jeffrey Donovan', 'Josh Hartnett', 'Laz Alonso']",['Guy Ritchie']
119,Float Like a Butterfly,87,69,81,['Drama'],,1h 41m,2018,"['Hazel Doupe', 'Dara Devaney', 'Johnny Collins', 'Hilda Fay', 'Jamie Kierans']",['Carmel Winters']
120,Tombstone,72,94,79,"['Western', 'Action']",R,2h 7m,1993,"['Kurt Russell', 'Val Kilmer', 'Michael Biehn', 'Powers Boothe', 'Robert John Burke']",['George P Cosmatos']
121,Sweet Girl,24,49,32,['Mystery & Thriller'],R,1h 50m,2021,"['Jason Momoa', 'Isabela Merced', 'Manuel Garcia-Rulfo', 'Raza Jaffrey', 'Amy Brenneman']",['Brian Andrew Mendoza']
122,The Big Risk,100,84,94,['Mystery & Thriller'],,1h 50m,1960,"['Lino Ventura', 'Jean-Paul Belmondo', 'Marcel Dalio', 'Sandra Milo', 'Michel Ardan']",['Claude Sautet']
123,Vietnam: Fast Forward,86,96,89,"['Documentary', 'Special Interest']",,59m,2021,"['Rolan Colieng', 'Huong Dang', 'Van Dang', 'Shareef Haq', 'Eladio Arvelo']",['Eladio Arvelo']
124,Demigod,63,84,70,"['Horror', 'Mystery & Thriller']",,1h 35m,2021,"['Rachel Nichols', 'Lindsay Anne Williams', 'Yohance Myles', 'Elena Sanchez', 'Jeremy London']",['Miles Doleac']
125,The Mirror Crack'd,65,46,58,['Mystery & Thriller'],PG,1h 45m,1980,"['Angela Lansbury', 'Elizabeth Taylor', 'Edward Fox', 'Rock Hudson', 'Kim Novak']",['Guy Hamilton']
126,The Red Baron,17,43,25,"['Action', 'Adventure', 'History', 'Drama', 'War']",PG-13,1h 46m,2008,"['Matthias Schweighöfer', 'Lena Headey', 'Til Schweiger', 'Joseph Fiennes', 'Volker Bruch']",['770780777']
127,Women is Losers,72,86,76,['Drama'],,1h 24m,2021,"['Lorenza Izzo', 'Bryan Craig', 'Simu Liu', 'Chrissie Fit', 'Liza Weil']",['Lissette Feliciano']
128,Fin,82,89,84,"['Adventure', 'Documentary', 'Nature']",,1h 30m,2021,"['Eli Roth', 'Eli Roth', 'Nicholas Caprio', 'Mohamed El Manasterly', 'Craig Piligian']",['Eli Roth']
129,The Harder They Fall,88,93,89,"['Western', 'Drama']",R,2h 17m,2021,"['Jonathan Majors', 'Zazie Beetz', 'Delroy Lindo', 'LaKeith Stanfield', 'Danielle Deadwyler']",['Jeymes Samuel']
130,Mayor Pete,71,53,65,['Documentary'],R,1h 36m,2021,"['Pete Buttigieg', 'Chasten Buttigieg', 'Jesse Moss', 'Jeff Seymann Gilbert', 'Jesse Moss']",['Jesse Moss 2']
131,Stalker,80,31,63,"['Mystery & Thriller', 'Horror']",,1h 38m,2022,"['Sophie Skelton', 'Stuart Brennan', 'Bret ""The Hitman"" Hart', 'Steve Johnson', 'Chris Watt']",['Steve Johnson 4']
132,Jumanji: The Next Level,71,87,76,"['Adventure', 'Action', 'Comedy', 'Fantasy']",PG-13,2h 3m,2019,"['Dwayne Johnson', 'Kevin Hart', 'Jack Black', 'Karen Gillan', 'Awkwafina']",['Jake Kasdan']
133,The Ice Road,44,31,39,"['Action', 'Mystery & Thriller']",PG-13,1h 49m,2021,"['Liam Neeson', 'Benjamin Walker', 'Laurence Fishburne', 'Amber Midthunder', 'Marcus Thomas']",['Jonathan Hensleigh']
134,The Man in the Hat,100,82,93,['Comedy'],,1h 35m,2020,"['Ciarán Hinds', 'Stephen Dillane', 'Sasha Hails', 'Maïwenn', 'Muna Otaru']","['Johnpaul Davidson', 'Stephen Warbeck']"
135,Trouble,50,30,43,['Comedy'],R,1h 40m,2017,"['Anjelica Huston', 'Bill Pullman', 'David Morse', 'Jim Parrack', ""Brian d'Arcy James""]",['Theresa Rebeck']
136,House of the Sleeping Beauties,28,17,24,['Drama'],,1h 39m,2006,"['Vadim Glowna', 'Angela Winkler', 'Maximilian Schell', 'Birol Ünel', 'Mona Glass']",['1190798 Vadim Glowna']
137,A Little Something for Your Birthday,18,45,27,"['Romance', 'Comedy']",R,1h 34m,2017,"['Sharon Stone', 'Tony Goldwyn', 'Famke Janssen', 'Liza Lapira', 'Caitlin FitzGerald']",['Susan Walter']
138,"The Godfather, Part II",96,97,96,"['Crime', 'Drama']",R,3h 20m,1974,"['Al Pacino', 'Robert Duvall', 'Diane Keaton', 'Robert De Niro', 'John Cazale']",['Francis Ford Coppola']
139,Eye Without a Face,29,33,30,"['Horror', 'Mystery & Thriller']",,1h 40m,2021,"['Dakota Shapiro', 'Luke Cook', 'Vlada Verevko', 'Rebecca Berg', 'Ashley Elyse Rogers']",['Ramin Niami']
140,Boiling Point,99,85,94,"['Drama', 'Mystery & Thriller']",R,1h 32m,2021,"['Stephen Graham', 'Vinette Robinson', 'Alice Feetham', 'Hannah Walters', 'Malachi Kirby']",['Philip Barantini']
141,Koko: A Red Dog Story,80,43,67,"['Comedy', 'Drama']",,1h 18m,2019,"['Jason Isaacs', 'Felix Williamson', 'Toby Truslove', 'Sarah Woods', 'Verity James']","['Aaron Mccann', 'Dominic Pearce']"
142,Night Drive,100,59,86,['Mystery & Thriller'],,1h 22m,2021,"['AJ Bowen', 'Sophie Dalah', 'Scott Poythress', 'Lamar Bell', 'Reba Buhr']","['Meghan Leon 2', 'Brad Baruh 4']"
143,Rock Camp: The Movie,89,91,89,"['Documentary', 'Music']",,1h 27m,2021,"['Roger Daltrey', 'Douglas Blush', 'Renee Barron', 'Douglas Blush', 'Jeff Rowe']",['Doug Blush']
144,Blue Miracle,65,74,68,['Drama'],,1h 36m,2021,"['Jimmy Gonzales', 'Dennis Quaid', 'Bruce McGill', 'Miguel Ángel García', 'Anthony Gonzalez']",['Julio Quintana']
145,Agent Revelation,80,97,85,"['Sci-Fi', 'Action', 'Mystery & Thriller']",,1h 26m,2021,"['Derek Ting', 'Michael Dorn', 'Kayla Ewell', 'Carole Weyers', 'Eve Mauro']",['Derek Ting']
146,Jacinta,100,92,97,['Documentary'],,1h 45m,2020,"['Jessica Earnshaw', 'Jessica Earnshaw', 'Holly Meeh', 'Nimisha Mukerji', 'Patty Quillin']",['Jessica Earnshaw 2']
147,Stillwater,75,72,74,['Drama'],R,2h 20m,2021,"['Matt Damon', 'Camille Cottin', 'Abigail Breslin', 'Lilou Siauvaud', 'Deanna Dunagan']",['Tom Mccarthy']
148,Honeydew,65,37,55,"['Horror', 'Mystery & Thriller']",,1h 46m,2020,"['Sawyer Spielberg', 'Malin Barr', 'Barbara Kingsley', ""Stephen D'Ambrose"", 'Jamie Bradley']",['Devereux Milburn']
149,Claydream,93,83,89,['Documentary'],,1h 36m,2021,"['Will Vinton', 'Craig Bartlett', 'Chuck Duke', 'Melissa Mitchell', 'Bob Gardiner']",['Marq Evans']
150,Resort to Love,61,87,69,"['Romance', 'Comedy']",,1h 41m,2021,"['Christina Milian', 'Jay Pharoah', 'Sinqua Walls', 'Steven K. Tsuchida', 'Tabi McCartney']",['Steven Tsuchida']
151,Sophie Jones,100,71,90,['Drama'],,1h 25m,2020,"['Jessica Barr', 'Skyler Verity', 'Chase Offerle', 'Sam Kamerman', 'Natalie Shershow']",['Jessie Barr 2']
152,Separation,7,35,16,"['Horror', 'Mystery & Thriller']",R,1h 47m,2021,"['Violet McGraw', 'Brian Cox', 'Rupert Friend', 'Madeline Brewer', 'Mamie Gummer']",['William Brent Bell']
153,The Pick-Up Artist,61,37,53,"['Romance', 'Comedy']",PG-13,1h 21m,1987,"['Molly Ringwald', 'Robert Downey Jr.', 'Dennis Hopper', 'Danny Aiello', 'Mildred Dunnock']",['James Toback']
154,Greta,61,42,54,"['Mystery & Thriller', 'Drama']",R,1h 38m,2018,"['Isabelle Huppert', 'Chloë Grace Moretz', 'Maika Monroe', 'Colm Feore', 'Stephen Rea']",['Neil Jordan']
155,The Tall T,100,82,93,['Western'],,1h 18m,1957,"['Randolph Scott', 'Richard Boone', ""Maureen O'Sullivan"", 'Henry Silva', 'Skip Homeier']",['Bud Boetticher']
156,The Reckoning,20,26,22,['Horror'],,1h 51m,2021,"['Charlotte Kirk', 'Joe Anderson', 'Steven Waddington', 'Sean Pertwee', 'Ian Whyte']",['1145736 Neil Marshall']
157,Resurrection,82,46,70,"['Mystery & Thriller', 'Drama']",R,1h 44m,2022,"['Rebecca Hall', 'Tim Roth', 'Grace Kaufman', 'Michael Esper', 'Angela Wong Carbone']",['Andrew Semans']
158,No Ordinary Man,94,60,82,"['Documentary', 'Music']",,1h 20m,2020,"['Billy Tipton', 'Marquise Vilson', 'Scott T. Schofield', 'Susan Stryker', 'C. Riley Snorton']","['Aisling Chin Yee', 'Chase Joynt 2']"
159,Still: A Michael J. Fox Movie,99,95,97,"['Documentary', 'Biography']",R,1h 35m,2023,"['Michael J. Fox', 'Tracy Pollan', 'Andrew Barber', 'David Diamond', 'Hannah Galway']",['Davis Guggenheim']
160,Gunpowder Milkshake,60,48,56,"['Action', 'Mystery & Thriller', 'Crime', 'Drama']",R,1h 54m,2021,"['Karen Gillan', 'Lena Headey', 'Carla Gugino', 'Michelle Yeoh', 'Angela Bassett']",['Navot Papushado']
161,Lead Me Home,100,58,85,['Documentary'],PG-13,39m,2021,"['Pedro Kos', 'Jon Shenk', 'Richard Berge', 'Bonni Cohen', 'Serin Marshall']","['Pedro Kos', 'Jon Shenk']"
162,America: The Motion Picture,35,42,37,"['Comedy', 'Animation']",,1h 38m,2021,"['Channing Tatum', 'Jason Mantzoukas', 'Olivia Munn', 'Bobby Moynihan', 'Judy Greer']",['Matt Thompson 2']
163,Fake Famous,73,65,70,['Documentary'],,1h 27m,2021,"['Nick Bilton', 'Nick Bilton', 'Nick Bilton', 'Annabelle Dunne', 'Mary Recine']",['Nick Bilton']
164,Sophie Scholl: The Final Days,87,88,87,"['History', 'Drama']",,1h 57m,2005,"['Julia Jentsch', 'Fabian Hinrichs', 'Alexander Held', 'Johanna Gastdorf', 'André Hennicke']",['Marc Rothemund']
165,Roadrunner: A Film About Anthony Bourdain,91,94,92,['Documentary'],R,1h 59m,2021,"['Anthony Bourdain', 'Morgan Neville', 'Morgan Neville', 'Caitrin Rogers', 'Amy Entelis']",['Morgan Neville']
166,"Mapplethorpe, The Director's Cut",50,83,60,['Drama'],,1h 54m,2021,"['Matt Smith', 'Marianne Rendón', 'John Benjamin Hickey', 'Brandon Sklenar', 'McKinley Belcher III']",['Ondi Timoner']
167,Aliens Abducted My Parents and Now I Feel Kinda Left Out,87,80,84,"['Comedy', 'Kids & Family', 'Sci-Fi']",,1h 27m,2023,"['Emma Tremblay', 'Jacob Buster', 'Will Forte', 'Elizabeth Mitchell', 'Matt Biedel']",['Jake Van Wagoner']
168,"Crack: Cocaine, Corruption & Conspiracy",67,58,64,['Documentary'],,1h 29m,2021,['Stanley Nelson'],['Stanley Nelson']
169,Fortress,20,78,39,"['Action', 'Mystery & Thriller']",R,1h 40m,2021,"['Jesse Metcalfe', 'Bruce Willis', 'Chad Michael Murray', 'Kelly Greyson', ""Ser'Darius Blain""]",['James Cullen Bressack']
170,The Power of the Dog,94,76,88,"['Western', 'Drama', 'Romance']",R,2h 8m,2021,"['Benedict Cumberbatch', 'Kirsten Dunst', 'Jesse Plemons', 'Kodi Smit-McPhee', 'Thomasin McKenzie']",['Jane Campion']
171,The Second Age of Aquarius,100,80,93,"['Comedy', 'Fantasy', 'Sci-Fi']",,1h 22m,2022,"['Christina Jacquelyn Calph', 'Michael Ursu', 'Keeshan Giles', 'Martin Olson', 'Brooke Lewis Bellas']",['Staci Layne Wilson']
172,Destination Wedding,51,57,53,"['Romance', 'Comedy']",R,1h 26m,2018,"['Keanu Reeves', 'Winona Ryder', 'DJ Dallenbach', 'Ted Dubost', 'D. Rosh Wright']",['Victor Levin']
173,Snakehead,71,52,64,"['Crime', 'Drama', 'Mystery & Thriller']",,1h 29m,2021,"['Shuya Chang', 'Jade Wu', 'Yacine Djoumbaye', 'Catherine Jiang', 'Richie Ng']",['Evan Leong']
174,Fully Realized Humans,83,78,81,"['Comedy', 'Drama']",,1h 16m,2020,"['Jess Weixler', 'Joshua Leonard', 'Tom Bower', 'Beth Grant', 'Michael Chieffo']",['Joshua Leonard']
175,Hero Mode,46,80,57,"['Comedy', 'Kids & Family']",PG,1h 28m,2021,"['Chris Carpenter', 'Mira Sorvino', 'Sean Astin', 'Indiana Massara', ""Jim O'Heir""]",['Aj Tesler']
176,About Pie,100,80,93,"['Comedy', 'Romance']",,1h 27m,2021,"['Joshua M. Lester', 'Skye LaFontaine', 'Greg Hirshland', 'Sam Anker', 'Amanda Westlake']",['Joshua M Lester']
177,A Woman's Work: The NFL's Cheerleader Problem,81,80,80,['Documentary'],,1h 20m,2019,"['Yu Gu', 'Elizabeth Ai', 'Elizabeth Ai']",['Yu Gu 2']
178,The Haunting in Connecticut 2: Ghosts of Georgia,19,44,27,['Horror'],R,1h 41m,2013,"['Abigail Spencer', 'Chad Michael Murray', 'Katee Sackhoff', 'Emily Alyn Lind', 'Cicely Tyson']",['Tom Elkins']
179,Mixtape,100,78,92,"['Kids & Family', 'Comedy', 'Drama']",,1h 33m,2021,"['Gemma Brooke Allen', 'Julie Bowen', 'Audrey Hsieh', 'Olga Petsa', 'Nick Thune']",['Valerie Weiss']
180,Zeros and Ones,55,8,39,"['Mystery & Thriller', 'Drama', 'War']",R,1h 26m,2021,"['Ethan Hawke', 'Cristina Chiriac', 'Valerio Mastandrea', 'Babak Karimi', 'Phil Neilson']",['Jimmy Laine']
181,Crazy Samurai: 400 vs 1,37,40,38,"['Action', 'Adventure']",,1h 32m,2020,"['Tak Sakaguchi', 'Yûji Shimomura']",['Yuji Shimomura']
182,He's Out There,43,33,39,"['Horror', 'Mystery & Thriller']",R,1h 29m,2018,"['Yvonne Strahovski', 'Anna Pniowsky', 'Abigail Pniowsky', 'Ryan McDonald', 'Justin Bruening']",['Quinn Lasher']
183,Therese,41,34,38,"['Crime', 'Drama', 'Mystery & Thriller']",R,1h 42m,2013,"['Elizabeth Olsen', 'Oscar Isaac', 'Tom Felton', 'Jessica Lange', 'Matt Lucas']",['Charlie Stratton']
184,Motherly,86,72,81,"['Mystery & Thriller', 'Horror']",,1h 40m,2021,"['Lora Burke', 'Tessa Kozma', 'Kristen MacCulloch', 'Nick Smyth', 'Colin Paradine']",['Craig David Wallace']
185,Wanted for Murder,80,50,70,"['Drama', 'Mystery & Thriller']",,1h 43m,1946,"['Eric Portman', 'Dulcie Gray', 'Derek Farr', 'Roland Culver', 'Stanley Holloway']",['Lawrence Huntington']
186,The In Between,64,78,68,"['Romance', 'Drama', 'Sci-Fi']",PG-13,1h 55m,2022,"['Joey King', 'Kyle Allen', 'Kim Dickens', ""Celeste O'Connor"", 'John Ortiz']",['Arie Posin']
187,Undisputed,49,46,48,"['Drama', 'Action']",R,1h 34m,2002,"['Wesley Snipes', 'Ving Rhames', 'Peter Falk', 'Michael Rooker', 'Jon Seda']",['Walter Hill']
188,Clerk,82,48,70,"['Documentary', 'Biography']",,1h 55m,2021,"['Kevin Smith', 'Scott Mosier', 'Jason Mewes', 'Stan Lee', 'Justin Long']",['Malcolm Ingram']
189,The Devil's Own,67,31,55,['Horror'],,1h 31m,1966,"['Joan Fontaine', 'Kay Walsh', 'Alec McCowen', 'Ann Bell', 'Ingrid Boulting']",['Cyril Frankel']
190,RUSHED,90,90,90,"['Mystery & Thriller', 'Crime']",,1h 41m,2021,"['Siobhan Fallon Hogan', 'Robert Patrick', 'Jake Weary', 'Jay Jay Warren', 'Peri Gilpin']",['Vibeke Muasya']
191,Lansky,62,85,69,"['Crime', 'Drama', 'Biography']",R,1h 59m,2021,"['Harvey Keitel', 'Sam Worthington', 'John Magaro', 'AnnaSophia Robb', 'Minka Kelly']",['Eytan Rockaway']
192,An Actor Prepares,33,72,46,['Comedy'],,1h 37m,2018,"['Jeremy Irons', 'Jack Huston', 'Matthew Modine', 'Ben Schwartz', 'Megalyn Echikunwoke']",['Steve Clark 3']
193,India Sweets and Spices,83,78,81,"['Comedy', 'Drama', 'Romance']",PG-13,1h 41m,2021,"['Sophia Ali', 'Manisha Koirala', 'Adil Hussain', 'Rish Shah', 'Deepti Gupta']",['Geeta Malik']
194,Really Love,86,85,85,['Romance'],,1h 35m,2020,"['Kofi Siriboe', 'Yootha Wong-Loi-Sing', 'Michael Ealy', 'Uzo Aduba', 'Jade Eshete']",['Angel Kristi Williams']
195,Assault on VA-33,0,46,15,"['Action', 'Mystery & Thriller']",R,1h 30m,2021,"['Sean Patrick Flanery', 'Mark Dacascos', 'Michael Jai White', 'Weston Cage Coppola', 'Rob Van Dam']",['Christopher Ray']
196,Don't Go Breaking My Heart,83,59,75,"['Romance', 'Comedy']",,1h 35m,1999,"['Anthony Edwards', 'Jenny Seagrove', 'Charles Dance', 'Jane Leeves', 'Lynda Bellingham']",['Willi Patterson']
197,Baron Blood,14,34,20,['Horror'],PG,1h 30m,1972,"['Joseph Cotten', 'Elke Sommer', 'Massimo Girotti', 'Antonio Cantafora', 'Luciano Pigozzi']",['Mickey Lion']
198,Falling for Figaro,73,71,72,"['Romance', 'Comedy']",,1h 45m,2020,"['Danielle Macdonald', 'Joanna Lumley', 'Hugh Skinner', 'Gary Lewis', 'Shazad Latif']",['Ben Lewin']
199,In/Sight,0,35,11,['Mystery & Thriller'],R,1h 32m,2011,"['Sean Patrick Flanery', 'Natalie Zea', 'Adam Baldwin', 'Thomas Ian Nicholas', 'Juliet Landau']",['Richard Gabai']
200,Scooby-Doo on Zombie Island,88,79,85,"['Kids & Family', 'Comedy', 'Mystery & Thriller', 'Adventure', 'Animation']",,1h 17m,1998,"['Scott Innes', 'Billy West', 'Mary Kay Bergman', 'Frank Welker', 'B.J. Ward']",['Jim Stenstrum']
201,The Blackout,57,63,59,"['Action', 'Sci-Fi']",,2h 33m,2019,"['Maksim Artamonov', 'Filipp Avdeev', 'Yuriy Borisov', 'Oleg Boyko', 'Aleksey Chadov']",['Egor Baranov']
202,We Need to Do Something,55,25,45,['Horror'],,1h 37m,2021,"['Sierra McCormick', 'Vinessa Shaw', 'Pat Healy', 'Lisette Olivera', 'John James Cronin']",['Sean Ogrady']
203,Ten Minutes to Midnight,85,44,71,"['Horror', 'Mystery & Thriller']",,1h 13m,2020,"['Caroline Williams', 'Nicole Kang', 'Nicholas Tucci', 'William Youmans', 'Adam Weppler']",['Erik C Bloomquist']
204,The Man From Nowhere,100,90,96,"['Action', 'Crime', 'Drama']",R,1h 59m,2010,"['Won-bin', 'Kim Sae-ron', 'Kim Tae-hun', 'Kim Hee-won', 'Seong-oh Kim']",['Lee Jeong Beom']
205,Violet,82,69,77,['Drama'],R,1h 32m,2021,"['Olivia Munn', 'Luke Bracey', 'Justin Theroux', 'Dennis Boutsikaris', 'Erica Ash']",['Justine Bateman']
206,In the Line of Fire,96,79,90,"['Mystery & Thriller', 'Crime', 'Drama']",R,2h 8m,1993,"['Clint Eastwood', 'John Malkovich', 'Rene Russo', 'Dylan McDermott', 'Gary Cole']",['Wolfgang Petersen']
207,Reefa,89,86,88,"['Crime', 'Drama']",R,1h 36m,2021,"['Tyler Dean Flores', 'Cinthya Carmona', 'Ricardo Antonio Chavira', 'George Sear', 'Margarita Rosa de Francisco']",['Jessica Kavana Dornbusch']
208,Getting Even With Dad,3,25,10,"['Kids & Family', 'Comedy']",PG,1h 48m,1994,"['Macaulay Culkin', 'Ted Danson', 'Glenne Headly', 'Saul Rubinek', 'Gailard Sartain']",['Howie Deutch']
209,The Last Waltz,98,94,96,"['Documentary', 'Music']",PG,1h 57m,1978,"['Robbie Robertson', 'Ringo Starr', 'Muddy Waters', 'Ron Wood', 'Neil Young']",['Martin Scorsese']
210,One Shot,59,49,55,"['Action', 'Mystery & Thriller']",,1h 37m,2021,"['Scott Adkins', 'Ashley Greene', 'Ryan Phillippe', 'Emmanuel Imani', 'Dino Kelly']",['James Nunn']
211,Operation Varsity Blues: The College Admissions Scandal,88,73,83,['Documentary'],R,1h 40m,2021,"['Matthew Modine', 'Chris Smith']",['Chris Smith 3']
212,Seance,45,26,38,['Horror'],R,1h 33m,2021,"['Suki Waterhouse', 'Madisen Beaty', 'Ella-Rae Smith', 'Inanna Sarkis', 'Seamus Patterson']",['Simon Barrett']
213,The Lazarus Effect,15,23,17,"['Horror', 'Mystery & Thriller']",PG-13,1h 23m,2015,"['Mark Duplass', 'Olivia Wilde', 'Donald Glover', 'Evan Peters', 'Sarah Bolger']",['David Gelb']
214,The Calling,53,33,46,['Mystery & Thriller'],R,1h 48m,2014,"['Susan Sarandon', 'Topher Grace', 'Gil Bellows', 'Ellen Burstyn', 'Donald Sutherland']",['Jason Stone 2']
215,Zack Snyder's Justice League,72,93,79,"['Action', 'Adventure', 'Fantasy']",R,4h 2m,2021,"['Ben Affleck', 'Gal Gadot', 'Henry Cavill', 'Jason Momoa', 'Ezra Miller']",['Zack Snyder']
216,Cowboys,92,62,82,['Drama'],,1h 23m,2020,"['Steve Zahn', 'Jillian Bell', 'Ann Dowd', 'Gary Farmer', 'Bob Stephenson']",['Anna Kerrigan']
217,Home Sweet Home Alone,15,12,14,"['Kids & Family', 'Holiday', 'Comedy']",PG,1h 33m,2021,"['Ellie Kemper', 'Rob Delaney', 'Archie Yates', 'Timothy Simons', 'Ally Maki']",['1174894 Dan Mazer']
218,The Big House,75,70,73,"['Crime', 'Drama']",,1h 27m,1930,"['Wallace Beery', 'Chester Morris', 'Robert Montgomery', 'Lewis Stone', 'Leila Hyams']",['George W Hill']
219,Sam Now,88,96,90,"['Documentary', 'Biography']",,1h 26m,2022,"['Reed Harkness', 'Sam Harkness', 'Jois Harkness', 'Jared Harkness', 'Randy Harkness']",['Reed Harkness']
220,The Influencer,67,83,72,"['Mystery & Thriller', 'Comedy', 'Drama']",,1h 20m,2021,"['Kasia Szarek', 'Shantell Yasmine Abeydeera', 'Janeva Zentz', 'Victoria D. Wells', 'Ian Richard Jones']",['Meghan Weinstein']
221,The Killing of Two Lovers,93,70,85,['Drama'],R,1h 25m,2020,"['Clayne Crawford', 'Sepideh Moafi', 'Chris Coy', 'Avery Pizzuto', 'Arri Machoian']",['Robert Machoian']
222,Karen,17,21,18,"['Mystery & Thriller', 'Biography', 'Drama']",,1h 29m,2021,"['Taryn Manning', 'Cory Hardrict', 'Jasmine Burke', 'Roger Dorman', 'Gregory Alan Williams']",['Coke Daniels 2']
223,Locked In,58,56,57,"['Mystery & Thriller', 'Crime', 'Drama', 'Action']",R,1h 30m,2021,"['Mena Suvari', 'Jeff Fahey', 'Manny Perez', 'Jasper Polish', 'Bruno Bichir']",['Carlos V Gutierrez']
224,Derek DelGaudio's In & of Itself,100,89,96,['Documentary'],,1h 30m,2020,"['Derek DelGaudio', 'Frank Oz', 'Derek DelGaudio', 'Jake Friedman', 'Glenn Kaino']",['Frank Oz']
225,The Capote Tapes,93,88,91,['Documentary'],,1h 38m,2020,"['Jay McInerney', 'Truman Capote', 'Dick Cavett', 'Lauren Bacall', 'Norman Mailer']",['Ebs Burnough']
226,The Spine of Night,81,59,73,"['Fantasy', 'Horror', 'Animation']",,1h 34m,2021,"['Richard E. Grant', 'Lucy Lawless', 'Patton Oswalt', 'Betty Gabriel', 'Joe Manganiello']","['Philip Gelatt', 'Morgan Galen King']"
227,Raya and the Last Dragon,93,97,94,"['Kids & Family', 'Fantasy', 'Adventure', 'Animation']",PG,1h 48m,2021,"['Kelly Marie Tran', 'Awkwafina', 'Izaac Wang', 'Gemma Chan', 'Daniel Dae Kim']","['Don Hall', 'Carlos Lopez Estrada']"
228,Voyagers,25,55,35,"['Sci-Fi', 'Mystery & Thriller', 'Adventure']",PG-13,1h 48m,2021,"['Tye Sheridan', 'Lily-Rose Depp', 'Fionn Whitehead', 'Colin Farrell', 'Chanté Adams']",['Neil Burger']
229,Twas the Night,43,70,52,"['Holiday', 'Mystery & Thriller', 'Comedy']",,1h 23m,2021,"['Nicole Pringle', 'David S. Perez', 'Paul Van Scott', 'Lisa Panagopoulos', 'Cynthia D. Perry']","['Chris Rodriguez', 'Grant Rosado']"
230,Godzilla vs. Kong,76,91,81,"['Sci-Fi', 'Action', 'Adventure']",PG-13,1h 53m,2021,"['Alexander Skarsgård', 'Millie Bobby Brown', 'Rebecca Hall', 'Brian Tyree Henry', 'Shun Oguri']",['Adam Wingard']
231,For Madmen Only,92,80,88,[],,2020,2020,"['Michaela Watkins', 'James Urbaniak', 'Matt Walsh', 'Patton Oswalt', 'Jason Sudeikis']",['Heather Ross']
232,The Last Vermeer,69,91,76,['Drama'],R,1h 57m,2019,"['Guy Pearce', 'Claes Bang', 'August Diehl', 'Richard Dillane', 'Andrew Havill']",['Dan Friedkin']
233,Werewolves Within,86,80,84,"['Comedy', 'Horror', 'Mystery & Thriller']",R,1h 37m,2021,"['Sam Richardson', 'Milana Vayntrub', 'George Basil', 'Sarah Burns', 'Michael Chernus']",['Josh Ruben']
234,A Crime on the Bayou,100,83,94,['Documentary'],,1h 31m,2020,"['Gary Duncan', 'Richard Sobol', 'Nancy Buirski', 'Nancy Buirski', 'Nancy Buirski']",['Nancy Buirski']
235,Synchronic,79,76,78,"['Sci-Fi', 'Mystery & Thriller']",R,1h 40m,2019,"['Anthony Mackie', 'Jamie Dornan', 'Katie Aselton', 'Ally Ioannides', 'Shane Brady']","['Justin Benson', 'Aaron Moorhead']"
236,Fever Dream,70,41,60,"['Mystery & Thriller', 'Horror', 'Drama']",R,1h 33m,2021,"['María Valverde', 'Guillermo Pfening', 'Dolores Fonzi', 'Emilio Vodanovich', 'Germán Palacios']",['Claudia Llosa']
237,PVT Chat,67,46,60,['Mystery & Thriller'],,1h 26m,2021,"['Peter Vack', 'Julia Fox', 'Buddy Duress', 'Keith Poulson', 'Kevin Moccia']",['Ben Hozie']
238,Shimmer Lake,60,59,59,"['Mystery & Thriller', 'Crime', 'Drama', 'Comedy']",TVMA,1h 27m,2017,"['Benjamin Walker', 'Rainn Wilson', 'Stephanie Sigman', 'Wyatt Russell', 'Rob Corddry']",['Oren Uziel']
239,Britney Vs Spears,63,53,59,"['Documentary', 'Music']",,1h 34m,2021,"['Britney Spears', 'Jenny Eliscu', 'Erin Lee Carr', 'Erin Lee Carr', 'Kate Barry']",['Erin Lee Carr']
240,"Batman: The Long Halloween, Part One",100,88,95,"['Holiday', 'Action', 'Adventure', 'Animation']",PG-13,1h 25m,2021,"['Jensen Ackles', 'Naya Rivera', 'Josh Duhamel', 'Billy Burke', 'Titus Welliver']",['Chris Palmer']
241,Den of Thieves,41,62,48,"['Crime', 'Drama', 'Mystery & Thriller', 'Action']",R,2h 20m,2018,"['Gerard Butler', 'Pablo Schreiber', ""O'Shea Jackson Jr."", '50 Cent', 'Meadow Williams']",['Christian Gudegast']
242,Detroit Unleaded,69,75,71,"['Comedy', 'Drama', 'Romance']",,1h 33m,2012,"['EJ Assi', 'Nada Shouhayib', 'Mike Batayeh', 'Akram El-Ahmar', 'Mary Asel']",['Rola Nashef']
243,Parallel,82,44,69,"['Drama', 'Mystery & Thriller']",,1h 44m,2018,"['Kathleen Quinlan', 'Alyssa Diaz', ""Mark O'Brien"", 'Georgia King', 'Martin Wallström']",['Isaac Ezban']
244,Two by Two,36,43,38,"['Kids & Family', 'Comedy', 'Adventure', 'Animation']",G,1h 27m,2015,"['Callum Maloney', 'Dermot Magennis', 'Ava Connolly', 'Tara Flynn', 'Patrick FitzSymons']","['Toby Genkel', 'Sean Mccormack 4']"
245,Clairevoyant,75,89,79,"['Comedy', 'Drama']",,1h 30m,2021,"['Micaela Wittman', 'Amy Benedict', 'Emily Vere Nicoll', 'Anousha', 'Anne Scottlin']","['Arthur Diennet', 'Micaela Wittman']"
246,Silk Road,52,40,48,"['Mystery & Thriller', 'Crime', 'Drama']",R,1h 56m,2021,"['Jason Clarke', 'Nick Robinson', 'Katie Aselton', 'Jimmi Simpson', 'Daniel David Stewart']",['Tiller Russell']
247,2 Hearts,17,87,40,"['Romance', 'Drama']",PG-13,1h 40m,2020,"['Radha Mitchell', 'Tiera Skovbye', 'Jacob Elordi', 'Kari Matchett', 'Adan Canto']",['Lance Hool']
248,That Girl in Yellow Boots,50,57,52,['Drama'],,1h 41m,2010,"['Kalki Koechlin', 'Naseeruddin Shah', 'Divya Jagdale', 'Kumud Mishra', 'Shivkumar Subramaniam']",['Anurag Kashyap']
249,Charming the Hearts of Men,80,92,84,"['Comedy', 'Drama']",,1h 47m,2021,"['Kelsey Grammer', 'Anna Friel', 'Sean Astin', 'Diane Ladd', 'Aml Ameen']",['Se Derose']
250,A Night to Remember,100,90,96,"['History', 'Drama']",,2h 3m,1958,"['Kenneth More', 'David McCallum', 'Honor Blackman', 'Jill Dixon', 'Laurence Naismith']",['Roy Ward Baker']
251,Small Time,56,41,50,['Drama'],R,1h 35m,2014,"['Christopher Meloni', 'Bridget Moynahan', 'Dean Norris', 'Xander Berkeley', 'Devon Bostick']",['Joel Surnow']
252,Snoop Dogg's Hood of Horror,11,36,19,['Horror'],R,1h 24m,2006,"['Snoop Dogg', 'Danny Trejo', 'Ernie Hudson', 'Jason Alexander', 'Billy Dee Williams']",['Stacy Title']
253,Percy Vs Goliath,76,71,74,"['Drama', 'Biography']",PG-13,1h 40m,2020,"['Christopher Walken', 'Christina Ricci', 'Zach Braff', 'Roberta Maxwell', 'Adam Beach']",['Clark Johnson']
254,The Hitman's Wife's Bodyguard,26,79,43,"['Action', 'Comedy']",R,1h 40m,2021,"['Ryan Reynolds', 'Samuel L. Jackson', 'Salma Hayek', 'Antonio Banderas', 'Morgan Freeman']",['Patrick Hughes']
255,Halloween III: Season of the Witch,50,28,42,"['Holiday', 'Horror', 'Mystery & Thriller', 'Sci-Fi']",R,1h 38m,1982,"['Tom Atkins', 'Stacey Nelkin', ""Dan O'Herlihy"", 'Ralph Strait', 'Michael Currie']",['Tommy Wallace']
256,The Hollow Point,40,31,37,"['Mystery & Thriller', 'Crime', 'Drama']",R,1h 37m,2016,"['Patrick Wilson', 'Ian McShane', 'John Leguizamo', 'Lynn Collins', 'Jim Belushi']",['Gonzalo Lopez Gallego']
257,Arlo the Alligator Boy,85,85,85,"['Comedy', 'Animation', 'Kids & Family', 'Musical']",,1h 30m,2021,"['Michael J. Woodard', 'Mary Lambert', 'Haley Tju', 'Jonathan Van Ness', 'Brett Gelman']",['Ryan Crego']
258,Manny,25,65,38,['Documentary'],PG-13,1h 28m,2014,"['Liam Neeson', 'Mark Wahlberg', 'Jeremy Piven', 'Jimmy Kimmel', 'Oscar De La Hoya']","['Ryan Moore 56', 'Leon Gast']"
259,"Batman: The Long Halloween, Part Two",100,82,93,"['Holiday', 'Mystery & Thriller', 'Animation']",R,1h 28m,2021,"['Jensen Ackles', 'Naya Rivera', 'Josh Duhamel', 'Billy Burke', 'Titus Welliver']",['Chris Palmer']
260,The Map of Tiny Perfect Things,78,72,76,"['Romance', 'Comedy', 'Fantasy', 'Drama']",PG-13,1h 39m,2021,"['Kathryn Newton', 'Kyle Allen', 'Jermaine Harris', 'Anna Mikami', 'Josh Hamilton']",['Ian Samuels']
261,I Served the King of England,80,81,80,"['Comedy', 'Romance', 'War']",R,1h 58m,2006,"['Ivan Barnev', 'Oldrich Kaiser', 'Julia Jentsch', 'Martin Huba', 'Marián Labuda']",['Jiri Menzel']
262,Val,80,98,86,"['Horror', 'Comedy']",,1h 21m,2021,"['Misha Reeves', 'Zachary Mooren', 'Erik Griffin', 'Sufe Bradshaw', 'Kyle Howard']",['Aaron Fradkin']
263,Scream for Me Sarajevo,100,85,94,['Documentary'],,1h 35m,2017,"['Bruce Dickinson', 'Fedja Stukan', 'Tarik Hodzic', 'Tarik Hodzic', 'Jasenko Pasic']",['Tarik Hodzic']
264,When Harry Tries to Marry,13,41,22,"['Romance', 'Comedy']",PG-13,1h 33m,2011,"['Rahul Rai', 'Stefanie Estes', 'Freishia Bomambehran', 'Osvaldo Hernandez', 'Caitlin Gold']",['Nayan Padrai']
265,The Affair,12,30,18,"['Drama', 'LGBTQ+']",,1h 44m,2019,"['Carice van Houten', 'Claes Bang', 'Hanna Alström', 'Petra Buckova', 'Olga Plojhar Bursikova']",['Julius Sevcik']
266,Final Destination 5,63,53,59,"['Horror', 'Mystery & Thriller']",R,1h 32m,2011,"[""Nicholas D'Agosto"", 'Emma Bell', 'Miles Fisher', 'Ellen Wroe', 'Jacqueline MacInnes Wood']",['Steven Quale']
267,The Reason I Jump,97,75,89,['Documentary'],,1h 22m,2020,"['Jerry Rothwell', 'Naoki Higashida', 'Jeremy Dear', 'Stevie Lee', 'Al Morrow']",['Jerry Rothwell']
268,Two Distant Strangers,94,61,83,['Drama'],,29m,2020,"['Joey Bada$$', 'Andrew Howard', 'Zaria', 'Mona Sishodia', 'Cameron Early']","['Travon Free', 'Martin Desmond Roe']"
269,The Horse Soldiers,81,75,79,['Action'],,1h 59m,1959,"['John Wayne', 'William Holden', 'Constance Towers', 'Judson Pratt', 'Hoot Gibson']",['John Ford']
270,Sidekicks,26,48,33,['Action'],PG,1h 40m,1993,"['Chuck Norris', 'Beau Bridges', 'Jonathan Brandis', 'Mako', 'Julia Nickson']",['Aaron Norris']
271,Jazz Fest: A New Orleans Story,93,97,94,"['Documentary', 'Music']",PG-13,1h 34m,2022,"['Jimmy Buffett', 'Pitbull', 'Bruce Springsteen', 'Katy Perry', 'Aaron Neville']","['Frank Marshall', 'Ryan Suffern']"
272,For the Sake of Vicious,78,60,72,"['Holiday', 'Action', 'Horror', 'Mystery & Thriller']",,1h 20m,2020,"['Lora Burke', 'Nick Smyth', 'Colin Paradine', 'Dorian Allen', 'T.J. Kennedy']","['Philip Carrer', 'Reese Eveneshen']"
273,Wilderness,33,46,37,"['Horror', 'Mystery & Thriller']",R,1h 34m,2006,"['Sean Pertwee', 'Alex Reid', 'Toby Kebbell', 'Stephen Wight', 'Luke Neal']",['Mj Bassett']
274,Dolphin Island,64,85,71,"['Drama', 'Kids & Family']",,1h 19m,2021,"['Peter Woodward', 'Tyler Jade Nixon', 'Dionne Lea', 'Bob Bledsoe', 'Aaron Burrows']",['Mike Disa']
275,Knock Off,10,26,15,['Action'],R,1h 31m,1998,"['Jean-Claude Van Damme', 'Rob Schneider', 'Lela Rochon', 'Paul Sorvino', 'Carman Lee']",['771391916']
276,Dirty Rotten Scoundrels,89,84,87,['Comedy'],PG,1h 50m,1988,"['Steve Martin', 'Michael Caine', 'Glenne Headly', 'Anton Rodgers', 'Barbara Harris']",['Frank Oz']
277,Nine Days,89,72,83,"['Fantasy', 'Drama']",R,2h 4m,2020,"['Winston Duke', 'Zazie Beetz', 'Bill Skarsgård', 'Benedict Wong', 'Tony Hale']",['Edson Oda']
278,Tyler Perry's A Madea Homecoming,36,77,49,['Comedy'],,1h 47m,2022,"['Tyler Perry', 'Cassi Davis', 'Brandon Black', 'Isha Blakker', 'Gabrielle Dennis']",['Tyler Perry']
279,PG: Psycho Goreman,92,63,82,"['Horror', 'Comedy']",,1h 35m,2020,"['Nita-Josee Hanna', 'Owen Myre', 'Adam Brooks', 'Alexis Kara Hancey', 'Matthew Ninaber']",['Steven Kostanski']
280,SEAL Team Six: The Raid on Osama bin Laden,50,45,48,"['Drama', 'Action']",,1h 30m,2012,"['Cam Gigandet', 'Anson Mount', 'Freddy Rodríguez', 'Xzibit', 'Kathleen Robertson']",['John Stockwell']
281,The Suicide Squad,90,82,87,"['Action', 'Adventure', 'Comedy']",R,2h 12m,2021,"['Margot Robbie', 'Idris Elba', 'John Cena', 'Viola Davis', 'Sylvester Stallone']",['James Gunn']
282,Awake,24,26,24,"['Mystery & Thriller', 'Sci-Fi']",,1h 36m,2021,"['Gina Rodriguez', 'Ariana Greenblatt', 'Frances Fisher', 'Shamier Anderson', 'Finn Jones']",['Mark Raso']
283,The Hating Game,70,77,72,"['Romance', 'Comedy']",R,1h 42m,2021,"['Lucy Hale', 'Corbin Bernsen', 'Austin Stowell', 'Yasha Jackson', 'Brock Yurich']",['Peter Hutchings']
284,Night of the Animated Dead,22,38,27,"['Horror', 'Animation']",R,1h 10m,2021,"['Josh Duhamel', 'Dulé Hill', 'Katharine Isabelle', 'Stefan Marks', 'James Roday Rodriguez']",['Jason Axinn']
285,Mr. Soul!,96,71,87,['Documentary'],,1h 30m,2018,"['Blair Underwood', 'Melissa Haizlip', 'Samuel D. Pollard', 'Melissa Haizlip', 'Blair Underwood']","['Melissa Haizlip', 'Samuel D Pollard']"
286,A Christmas Carol,58,40,52,"['Holiday', 'Drama', 'Animation']",,1h 34m,2020,"['Carey Mulligan', 'Martin Freeman', 'Andy Serkis', 'Daniel Kaluuya', 'Leslie Caron']",['770841859']
287,Rising Wolf,45,24,38,"['Mystery & Thriller', 'Sci-Fi']",,1h 41m,2021,"['Charlotte Best', 'Jonny Pasvolsky', 'Alex Menglet', 'Susan Prior', 'Lily Stewart']",['Antaine Furlong']
288,Paranormal Activity: Next of Kin,30,37,32,"['Horror', 'Mystery & Thriller']",R,1h 38m,2021,"['Emily Bader', 'Roland Buck III', 'Dan Lippert', 'Henry Ayres-Brown', 'Tom Nowicki']",['William Eubank']
289,Genevieve,86,75,82,['Comedy'],,1h 26m,1953,"['Dinah Sheridan', 'John Gregson', 'Kay Kendall', 'Kenneth More', 'Geoffrey Keen']",['Henry Cornelius']
290,Daughter,94,64,84,"['Mystery & Thriller', 'Horror']",,1h 35m,2022,"['Casper Van Dien', 'Elyse Dinh', 'Vivien Ngô', 'Ian Alexander', 'Megan Le']",['Corey Deshon']
291,More Than Miyagi: The Pat Morita Story,100,94,97,['Documentary'],,1h 29m,2021,"['Ralph Macchio', 'William Zabka', 'Martin Kove', 'Henry Winkler', 'Esai Morales']",['Kevin Derek']
292,Jolt,40,38,39,['Action'],R,1h 31m,2021,"['Kate Beckinsale', 'Jai Courtney', 'Stanley Tucci', 'Bobby Cannavale', 'Laverne Cox']",['Tanya Wexler']
293,Manson Family Vacation,100,56,85,"['Comedy', 'Drama', 'Mystery & Thriller']",,1h 24m,2015,"['Jay Duplass', 'Linas Phillips', 'Leonora Pitts', 'Adam Chernick', 'Tobin Bell']",['J Davis 2']
294,The Violent Heart,56,81,64,"['Mystery & Thriller', 'Drama']",,1h 47m,2020,"['Jovan Adepo', 'Grace Van Patten', 'Lukas Haas', 'Mary J. Blige', 'Kimberly Williams-Paisley']",['Kirun Sanga']
295,Space Jam: A New Legacy,25,79,43,"['Kids & Family', 'Comedy', 'Adventure', 'Fantasy']",PG,1h 55m,2021,"['LeBron James', 'Don Cheadle', 'Cedric Joe', 'Khris Davis', 'Sonequa Martin-Green']",['Malcolm Lee']
296,The Empty Man,75,61,70,"['Horror', 'Mystery & Thriller']",R,2h 17m,2020,"['James Badge Dale', 'Owen Teague', 'Marin Ireland', 'Stephen Root', 'Joel Courtney']",['David Prior']
297,See You Next Christmas,80,64,74,"['Holiday', 'Romance', 'Comedy']",,1h 39m,2021,"['Elizabeth Guest', 'AJ Meijer', 'Vin Vescio', 'Christine Weatherup', 'Zach Kanner']",['Christine Weatherup']
298,Old Henry,95,91,93,"['Western', 'Action']",,1h 39m,2021,"['Tim Blake Nelson', 'Scott Haze', 'Gavin Lewis', 'Trace Adkins', 'Stephen Dorff']",['Potsy Ponciroli 2']
299,Tethered,29,83,47,"['Horror', 'Mystery & Thriller', 'Drama']",,1h 28m,2022,"['Kareem Ferguson', 'Alexandra Paul', 'Jared Laufree', 'Brody Bett', 'Chris Demm']",['Daniel Robinette']
300,"Tom Petty, Somewhere You Feel Free",90,100,93,"['Documentary', 'Music']",,1h 29m,2021,"['Tom Petty', 'Mary Wharton', 'Peter Afterman', 'Aaron Bay Schuck', 'Dan Braun']",['Mary Wharton']
301,Big News From Grand Rock,75,50,66,['Comedy'],,1h 27m,2014,"['Ennis Esmer', 'Meredith MacNeill', 'Kristin Booth', 'Peter Keleghan', 'Tammy Isbell']",['Daniel Perlmutter']
302,Sold Out,100,92,97,"['Drama', 'Music', 'Romance']",,1h 30m,2021,"['Sam Bardwell', 'Kelsey McMahon', 'Bruce Bohne', ""Patrick Thomas O'Brien"", 'Christine Weber']",['Tim Dahlseid']
303,Cusp,86,29,67,['Documentary'],,1h 23m,2021,"['Isabel Bethencourt', 'Parker Hill', 'Zachary Luke Kislevitz', 'Parker Hill', 'Isabel Bethencourt']","['Isabel Bethencourt', 'Parker Hill']"
304,Being the Ricardos,68,75,70,"['Biography', 'Drama']",R,2h 5m,2021,"['Nicole Kidman', 'Javier Bardem', 'J.K. Simmons', 'Nina Arianda', 'Tony Hale']",['Aaron Sorkin']
305,Nanpakal Nerathu Mayakkam,83,89,85,['Drama'],,1h 45m,2023,"['Mammootty', 'Ramya Pandian', 'Ashwanth Ashokkumar', 'Pramod Shetty', 'Ashokan']",['Lijo Jose Pellissery']
306,Wolfgang,86,75,82,['Documentary'],,1h 19m,2021,"['Wolfgang Puck', 'Christine Puck', 'David Gelb', 'Brian McGinn', 'David Gelb']",['David Gelb']
307,American Wedding,53,63,56,['Comedy'],R,1h 37m,2003,"['Jason Biggs', 'Alyson Hannigan', 'January Jones', 'Thomas Ian Nicholas', 'Seann William Scott']",['Jesse Dylan']
308,The Santa Clause 3: The Escape Clause,17,39,24,"['Kids & Family', 'Holiday', 'Comedy']",G,1h 32m,2006,"['Tim Allen', 'Martin Short', 'Elizabeth Mitchell', 'Spencer Breslin', 'Wendy Crewson']",['Michael Lembeck']
309,The Scrapper,88,80,85,"['Mystery & Thriller', 'Crime', 'Drama']",,1h 27m,2021,"['Bari Kang', 'Samrat Chakrabarti', 'Craig muMs Grant', 'Ava Paloma', 'Anil Kumar']",['Bari Kang']
310,Billie Eilish: The World's a Little Blurry,96,95,95,"['Documentary', 'Music']",R,2h 21m,2021,"['Billie Eilish', 'Finneas', 'R.J. Cutler', 'R.J. Cutler', 'Trevor Smith']",['Rj Cutler']
311,Midnight in the Switchgrass,8,20,12,"['Mystery & Thriller', 'Crime', 'Drama']",R,1h 39m,2021,"['Megan Fox', 'Bruce Willis', 'Emile Hirsch', 'Lukas Haas', 'Machine Gun Kelly']",['Randall Emmett']
312,The Jesus Music,63,97,74,"['Documentary', 'Music']",PG-13,1h 49m,2021,"['Amy Grant', 'Michael W. Smith', 'TobyMac', 'Kirk Franklin', 'Andrew Erwin']","['Andrew Erwin Ii', 'Jon Erwin']"
313,Greenland,78,64,73,"['Action', 'Mystery & Thriller']",PG-13,1h 59m,2020,"['Gerard Butler', 'Morena Baccarin', 'Roger Dale Floyd', 'Scott Glenn', 'David Denman']",['Ric Roman Waugh']
314,15 Minutes of Shame,82,74,79,['Documentary'],,1h 25m,2021,"['Monica Lewinsky', 'Max Joseph', 'Monica Lewinsky', 'Max Joseph', 'Steve Ascher']",['Max Joseph 2']
315,Mona Lisa and the Blood Moon,74,63,70,"['Mystery & Thriller', 'Sci-Fi']",R,1h 47m,2021,"['Kate Hudson', 'Jeon Jong-seo', 'Ed Skrein', 'Evan Whitten', 'Craig Robinson']",['Ana Lily Amirpour']
316,The Grey,79,61,73,"['Adventure', 'Drama', 'Action']",R,1h 57m,2012,"['Liam Neeson', 'Frank Grillo', 'Dermot Mulroney', 'Dallas Roberts', 'Joe Anderson']",['Joe Carnahan']
317,Seven,83,95,87,"['Mystery & Thriller', 'Crime', 'Drama']",R,2h 5m,1995,"['Brad Pitt', 'Morgan Freeman', 'Gwyneth Paltrow', 'R. Lee Ermey', 'Richard Roundtree']",['David Fincher']
318,Vanquish,5,57,22,"['Action', 'Mystery & Thriller', 'Crime']",R,1h 36m,2021,"['Morgan Freeman', 'Ruby Rose', 'Patrick Muldoon', 'Julie Lott', 'Nick Vallelonga']",['George Gallo']
319,Home,71,71,71,['Drama'],,1h 40m,2020,"['Jake McLaughlin', 'Kathy Bates', 'Aisling Franciosi', 'Derek Richardson', 'James Jordan']",['Franke Potente']
320,The Last Picture Show,98,89,95,['Drama'],R,1h 58m,1971,"['Timothy Bottoms', 'Jeff Bridges', 'Cybill Shepherd', 'Ben Johnson', 'Cloris Leachman']",['Peter Bogdanovich']
321,Fear Street Part One: 1994,84,62,76,['Horror'],R,1h 45m,2021,"['Kiana Madeira', 'Olivia Welch', 'Benjamin Flores Jr.', 'Gillian Jacobs', 'Fred Hechinger']",['Leigh Janiak']
322,Tina,92,92,92,"['Documentary', 'Biography', 'Music']",,1h 58m,2021,"['Tina Turner', 'Angela Bassett', 'Oprah Winfrey', 'Kurt Loder', 'Katori Hall']","['Dan Lindsay', '770834944']"
323,Know Fear,57,40,51,['Horror'],,1h 17m,2021,"['David Alan Basche', 'Amy Carlson', 'Mallory Bechtel', 'Jack DiFalco', 'Meeya Davis']",['Jamison M Locascio']
324,Attack of the Hollywood Clichés!,100,39,79,['Comedy'],,58m,2021,"['Rob Lowe', 'Sean Doherty', 'Alice Mathias', 'Ricky Kelehar', 'Sean Doherty']","['Sean Doherty', 'Alice Mathias', 'Ricky Kelehar', 'Annabel Jones']"
325,Never Let Me Go,71,70,70,"['Drama', 'Sci-Fi']",R,1h 44m,2010,"['Carey Mulligan', 'Andrew Garfield', 'Keira Knightley', 'Izzy Meikle-Small', 'Ella Purnell']",['Mark Romanek']
326,The Marksman,38,83,53,"['Action', 'Mystery & Thriller']",PG-13,1h 47m,2021,"['Liam Neeson', 'Jacob Perez', 'Katheryn Winnick', 'Juan Pablo Raba', 'Teresa Ruiz']",['Robert Lorenz']
327,Spoken Word,46,39,43,['Drama'],,1h 56m,2009,"['Kuno Becker', 'Rubén Blades', 'Miguel Sandoval', 'Persia White', 'Antonio Elias']",['Victor Nunez']
328,Afterlife of the Party,56,71,60,"['Comedy', 'Romance']",,1h 49m,2021,"['Victoria Justice', 'Adam Garcia', 'Midori Francis', 'Spencer Sutherland', 'Timothy Renouf']",['Stephen Herek']
329,Blue Bayou,75,93,81,['Drama'],R,1h 59m,2021,"['Justin Chon', 'Alicia Vikander', ""Mark O'Brien"", 'Linh Dan Pham', 'Emory Cohen']",['Justin Chon']
330,The Cleansing Hour,74,62,70,['Horror'],,1h 34m,2019,"['Kyle Gallner', 'Ryan Guzman', 'Joanna David', 'Emma Holzer', 'Tara Karsian']",['Damien Leveck']
331,Enhanced,25,40,29,['Action'],,1h 39m,2019,"['Alanna Bale', 'George Tchortov', 'Adrian Holmes', 'Chris Mark', 'Eric Hicks']",['James Mark']
332,Revolution Rent,63,96,74,['Documentary'],,1h 30m,2019,"['Andy Señor Jr.', 'Victor Álvarez', 'Andy Senor', 'Victor Álvarez', 'Scott Fenn']","['Victor Alvarez 2', 'Undefined', 'Victor P Alvarez']"
333,Amityville: The Awakening,29,32,30,"['Horror', 'Mystery & Thriller']",PG-13,1h 25m,2017,"['Jennifer Jason Leigh', 'Bella Thorne', 'Cameron Monaghan', 'Thomas Mann', 'Jennifer Morrison']",['1182719 Franck Khalfoun']
334,The Passenger,81,63,75,"['Mystery & Thriller', 'Drama']",,1h 39m,2023,"['Kyle Gallner', 'Johnny Berchtold', 'Liza Weil', 'Billy Slaughter', 'Morgana Shaw']",['Carter Smith']
335,Ruby in Paradise,86,77,83,['Drama'],R,1h 55m,1993,"['Ashley Judd', 'Todd Field', 'Bentley Mitchum', 'Allison Dean', 'Dorothy Lyman']",['Victor Nunez']
336,Brothers by Blood,23,33,26,"['Crime', 'Drama', 'Mystery & Thriller']",R,1h 30m,2020,"['Matthias Schoenaerts', 'Joel Kinnaman', 'Maika Monroe', 'Ryan Phillippe', 'Nicholas Crovetti']",['Jeremie Guez']
337,Back to the Outback,82,68,77,"['Kids & Family', 'Comedy', 'Adventure', 'Animation']",PG,1h 32m,2021,"['Isla Fisher', 'Tim Minchin', 'Eric Bana', 'Guy Pearce', 'Wayne Knight']","['Clare Knight', 'Harry Cripps']"
338,Roe v. Wade,14,66,31,"['History', 'Drama']",PG-13,1h 52m,2021,"['Nick Loeb', 'Stacey Dash', 'Jamie Kennedy', 'Joey Lawrence', 'Corbin Bernsen']","['Nick Loeb', 'Cathy Allyn']"
339,Los Angeles Plays Itself,98,85,93,['Documentary'],,2h 49m,2003,"['Encke King', 'Thom Andersen', 'Thom Andersen', 'Deborah Stratman']",['Thom Andersen']
340,Still: A Michael J. Fox Movie,99,95,97,"['Documentary', 'Biography']",R,1h 35m,2023,"['Michael J. Fox', 'Tracy Pollan', 'Andrew Barber', 'David Diamond', 'Hannah Galway']",['Davis Guggenheim']
341,JFK Revisited: Through the Looking Glass,63,78,68,['Documentary'],,1h 58m,2021,"['Donald Sutherland', 'Whoopi Goldberg', 'Cyril H. Wecht', 'Gary Aguilar', 'Oliver Stone']",['Oliver Stone']
342,The Loft,14,37,21,['Mystery & Thriller'],R,1h 43m,2014,"['Karl Urban', 'James Marsden', 'Wentworth Miller', 'Eric Stonestreet', 'Matthias Schoenaerts']",['Erik Van Looy']
343,Happy Cleaners,100,86,95,['Drama'],,1h 20m,2019,"['Yun Jeong', 'Yeena Sung', 'Charles Ryu', 'Donald Chang', 'Jaeki Cho']","['Julian Kim', 'Peter S Lee']"
344,The Charnel House,33,56,40,"['Horror', 'Mystery & Thriller']",R,1h 33m,2016,"['Callum Blue', 'Nadine Velazquez', 'Makenzie Moss', 'Erik LaRay Harvey', 'Danielle Lauder']",['Craig Moss']
345,What Lies West,90,58,79,['Drama'],,1h 19m,2019,"['Nicolette Kaye Ellis', 'Chloe Moore', 'Anna Peterson', 'Jack Vincenty', 'Beverley Simmons']",['Jessica Ellis']
346,Beasts Clawing at Straws,95,82,90,"['Mystery & Thriller', 'Crime', 'Drama']",,1h 49m,2020,"['Jeon Do-yeon', 'Jung Woo-sung', 'Youn Yuh-jung', 'Bae Seong-woo', 'Jung Man-sik']",['Kim Yong Hoon 2']
347,Feral,35,21,30,"['Horror', 'Mystery & Thriller']",,1h 32m,2017,"['Scout Taylor-Compton', 'Lew Temple', 'Olivia Luccardi', 'Renee Olstead', 'Brock Kelly']",['1053748 Mark Young']
348,Long Live Rock... Celebrate the Chaos,33,73,46,"['Music', 'Documentary']",,1h 19m,2021,"['Lars Ulrich', 'Duff McKagan', 'Machine Gun Kelly', 'Rob Zombie', 'Zoltan Bathory']",['Jonathan Mchugh 11']
349,Swashbuckler,40,57,45,['Comedy'],PG,1h 41m,1976,"['Robert Shaw', 'James Earl Jones', 'Peter Boyle', 'Geneviève Bujold', 'Harry Basch']",['James Goldstone']
350,Slumber Party Massacre,100,66,88,['Horror'],,1h 26m,2021,"['Hannah Gonera', 'Frances Sholto-Douglas', 'Alex McGregor', 'Schelaine Bennett', 'Rob van Vuuren']",['Danishka Esterhazy']
351,"Someone, Somewhere",100,75,91,"['Romance', 'Comedy', 'Drama']",,1h 50m,2019,"['Ana Girardot', 'François Civil', 'François Berléand', 'Camille Cottin', 'Simon Abkarian']",['Cedric Klapisch']
352,The Deep House,74,31,59,"['Horror', 'Mystery & Thriller']",,1h 25m,2021,"['James Jagger', 'Camille Rowe', 'Eric Savin', 'Anne Claessens', 'Carolina Massey']","['Alexandre Bustillo', 'Julien Maury']"
353,The Unhealer,83,87,84,"['Mystery & Thriller', 'Horror', 'Sci-Fi']",,1h 34m,2020,"['Elijah Nelson', 'Natasha Henstridge', 'Lance Henriksen', 'Adam Beach', 'Gavin Casalegno']",['Martin Guigui']
354,Absolution,20,81,40,['Fantasy'],,1h 30m,2018,"['Jessica Falkholt', 'Eamon Farren', 'Jacqueline McKenzie', 'Jerome Meyer', 'Lewis Fitz-Gerald']",['Corey Pearson 2']
355,"If Not Now, When?",53,31,45,['Drama'],,1h 51m,2021,"['Meagan Good', 'Edwin Hodge', 'Joelle Ashley', 'Tamara Bass', 'Shamicka Benn']","['Tamara Laseon Bass', 'Megan Good']"
356,I Think I Love My Wife,19,41,26,"['Romance', 'Comedy']",R,1h 34m,2007,"['Chris Rock', 'Kerry Washington', 'Gina Torres', 'Steve Buscemi', 'Michael Kenneth Williams']",['Chris Rock']
357,The Sender,80,32,63,['Horror'],R,1h 31m,1982,"['Kathryn Harrold', 'Željko Ivanek', 'Paul Freeman', 'Shirley Knight', 'Sean Hewitt']",['Roger Christian']
358,Beans,91,79,87,['Drama'],,1h 32m,2020,"['Kiawentiio', 'Violah Beauvais', 'Rainbow Dickerson', 'Joel Montgrand', 'Paulina Alexis']",['Tracey Deer']
359,Hacker,0,64,21,"['Crime', 'Drama', 'Mystery & Thriller']",R,1h 35m,2015,"['Callan McAuliffe', 'Lorraine Nicholson', 'Daniel Eric Gold', 'Clifton Collins Jr.', 'Zachary Bennett']",['Akan Satayev']
360,The Mating Habits of the Earthbound Human,33,72,46,['Comedy'],R,1h 30m,1999,"['Mackenzie Astin', 'Carmen Electra', 'Markus Redmond', 'Lucy Liu', 'Lisa Rotondi']",['Jeff Abugov']
361,The Last Days of American Crime,0,22,7,"['Action', 'Mystery & Thriller']",,2h 29m,2020,"['Edgar Ramírez', 'Michael Pitt', 'Anna Brewster', 'Sharlto Copley', 'James Richard Marshall']",['Olivier Megaton 155']
362,Mayday,53,38,47,"['Drama', 'Fantasy']",,1h 40m,2021,"['Grace Van Patten', 'Mia Goth', 'Soko', 'Havana Rose Liu', 'Juliette Lewis']",['Karen Cinorre']
363,American Traitor: The Trial of Axis Sally,18,33,23,"['History', 'Drama']",R,1h 49m,2021,"['Meadow Williams', 'Al Pacino', 'Thomas Kretschmann', 'Mitch Pileggi', 'Carsten Nørgaard']",['Mike Polish']
364,The Revolutionary Optimists,100,100,99,['Drama'],,1h 35m,2012,"['Nicole Newnham', 'Maren R. Monsen', 'Maren R. Monsen', 'Nicole Newnham', 'Ranjan Palit']","['Nicole Newnham', 'Maren R Monsen']"
365,Last Man Standing: Suge Knight and the Murders of Biggie & Tupac,50,50,49,['Documentary'],,1h 45m,2021,"['Nick Broomfield', 'Richard Bond', 'Pam Brooks', 'Nick Broomfield', 'Kyle Gibbon']",['Nick Broomfield']
366,Black Art: In the Absence of Light,92,71,85,['Documentary'],,Documentary,2021,"['Theaster Gates', 'Kerry James Marshall', 'Faith Ringgold', 'Amy Sherald', 'Carrie Mae Weems']",['Samuel D Pollard']
367,Sacco and Vanzetti,86,76,82,['Documentary'],,1h 21m,2006,"['John Turturro', 'Tony Shalhoub', 'Peter Miller']",['Peter Miller']
368,Something From Nothing: The Art of Rap,86,77,83,"['Documentary', 'Music']",R,1h 50m,2012,"['Bun B', 'B-Real', 'Afrika Bambaataa', 'Yasiin Bey', 'Big Daddy Kane']","['1027569 Icet', 'Andy Baybutt']"
369,My Left Foot,98,92,96,['Biography'],R,1h 43m,1989,"['Daniel Day-Lewis', 'Ray McAnally', 'Brenda Fricker', 'Ruth McCabe', 'Fiona Shaw']",['Jim Sheridan']
370,Fear Street Part Three: 1666,88,76,84,['Horror'],R,1h 52m,2021,"['Kiana Madeira', 'Ashley Zukerman', 'Gillian Jacobs', 'Olivia Welch', 'Charlene Amoia']",['Leigh Janiak']
371,Dangerous,29,70,42,"['Action', 'Mystery & Thriller']",R,1h 39m,2021,"['Scott Eastwood', 'Mel Gibson', 'Tyrese Gibson', 'Kevin Durand', 'Famke Janssen']",['David Hackl']
372,Cher & the Loneliest Elephant,83,90,85,['Documentary'],,46m,2021,"['Cher', 'Jonathan Finnigan', 'Phil Fairclough', 'Mike Kemp', 'Phil Fairclough']",['Jonathan Finnigan']
373,Life of the Party,38,40,38,['Comedy'],PG-13,1h 45m,2018,"['Melissa McCarthy', 'Gillian Jacobs', 'Maya Rudolph', 'Julie Bowen', 'Matt Walsh']",['Ben Falcone']
374,Finding 'Ohana,82,81,81,"['Adventure', 'Action', 'Comedy']",PG,2h 3m,2021,"['Kea Peahu', 'Alex Aiono', 'Marc Evan Jackson', 'Lindsay Watson', 'Owen Vaccaro']",['Jude Weng']
375,Let Us In,20,20,20,"['Sci-Fi', 'Mystery & Thriller']",,1h 19m,2020,"['Sadie Stanley', 'Siena Agudong', 'Tobin Bell', 'Aiden Bertisch', 'Eric Callero']",['Craig Moss']
376,Holy Rollers: The True Story of Card Counting Christians,100,67,88,['Documentary'],,1h 32m,2011,"['Bryan Storkel', 'Jason Connell', 'Colin Jones', 'Bryan Storkel', 'Ben Crawford']",['Bryan Storkel']
377,Hear My Song,90,76,85,"['Romance', 'Comedy']",R,1h 44m,1991,"['Ned Beatty', 'Adrian Dunbar', 'Shirley Anne Field', 'David McCallum', 'Tara Fitzgerald']",['Peter Chelsom']
378,Bingo Hell,66,30,54,"['Horror', 'Comedy']",,1h 25m,2021,"['Adriana Barraza', 'L. Scott Caldwell', 'Richard Brake', 'Joshua Caleb Johnson', 'Bertila Damas']",['Gigi Saul Guerrero']
379,Behemoth,20,43,27,['Horror'],,1h 28m,2021,"['Paul Statman', 'Josh Eisenberg', 'Jennifer Churchich', 'Richard Wagner', 'Whitney Nielsen']",['Peter Szewczyk']
380,Swallow,87,71,81,['Mystery & Thriller'],R,1h 35m,2019,"['Haley Bennett', 'Austin Stowell', ""Denis O'Hare"", 'Elizabeth Marvel', 'David Rasche']",['Carlo Mirabella Davis']
381,Transference: Escape the Dark,0,0,0,"['Mystery & Thriller', 'Sci-Fi']",,1h 28m,2020,"['Jeremy Ninaber', 'Ethan Mitchell', 'Aaron Tomlin', 'Marlo Milstone', 'Matthew Ninaber']",['Matthew Ninaber']
382,Free Guy,80,94,84,"['Action', 'Adventure', 'Comedy']",PG-13,1h 55m,2021,"['Ryan Reynolds', 'Jodie Comer', 'Joe Keery', 'Lil Rel Howery', 'Utkarsh Ambudkar']",['1048166 Shawn Levy']
383,Christmas Eve,0,52,17,"['Holiday', 'Comedy', 'Drama']",PG,1h 36m,2015,"['Patrick Stewart', 'Jon Heder', 'James Roday Rodriguez', 'Cheryl Hines', 'Max Casella']",['Mitch Davis']
384,The Year Earth Changed,100,96,98,"['Documentary', 'Nature']",PG,48m,2021,"['David Attenborough', 'Tom Beard', 'Michael Gunton', 'Alice Keens-Soper', 'Alex Griffiths']",['Tom Beard']
385,Falling,67,63,65,"['Drama', 'LGBTQ+']",R,1h 52m,2020,"['Viggo Mortensen', 'Lance Henriksen', 'Laura Linney', 'Sverrir Gudnason', 'Hannah Gross']",['Viggo Mortensen']
386,Collisions,83,95,87,['Drama'],,1h 30m,2018,"['Izabella Alvarez', 'Jesse Garcia', 'Ana de la Reguera', 'Jason Garcia Jr.', 'Rika Luna']",['Richard Levien']
387,Settlers,58,36,50,"['Sci-Fi', 'Mystery & Thriller']",,1h 45m,2021,"['Sofia Boutella', 'Ismael Cruz Cordova', 'Brooklynn Prince', 'Nell Tiger Free', 'Jonny Lee Miller']",['Wyatt Rockefeller']
388,Fear Street Part Two: 1978,87,80,84,['Horror'],R,1h 51m,2021,"['Sadie Sink', 'Emily Rudd', 'Ryan Simpkins', 'Chiara Aurelia', 'Drew Scheid']",['Leigh Janiak']
389,Happily,69,24,54,"['Comedy', 'Romance']",R,1h 36m,2021,"['Joel McHale', 'Kerry Bishé', 'Stephen Root', 'Paul Scheer', 'Breckin Meyer']",['Bendavid Grabinski']
390,The Last Letter From Your Lover,55,80,63,"['Drama', 'Romance']",,1h 50m,2021,"['Shailene Woodley', 'Felicity Jones', 'Callum Turner', 'Emma Appleton', 'Ben Cross']",['Augustine Frizzell']
391,Injustice: Gods Among Us,50,41,46,"['Action', 'Adventure', 'Animation']",R,1h 18m,2021,"['Justin Hartley', 'Anson Mount', 'Laura Bailey', 'Zach Callison', 'Brian T. Delaney']",['Matt Peters 3']
392,Dune,83,90,85,"['Sci-Fi', 'Adventure', 'Action', 'Fantasy', 'Drama']",PG-13,2h 35m,2021,"['Timothée Chalamet', 'Rebecca Ferguson', 'Oscar Isaac', 'Josh Brolin', 'Stellan Skarsgård']",['Denis Villeneuve']
393,Rough Night,45,29,39,['Comedy'],R,1h 36m,2017,"['Scarlett Johansson', 'Jillian Bell', 'Zoë Kravitz', 'Ilana Glazer', 'Kate McKinnon']",['Lucia Aniello']
394,Save Me,68,66,67,['Drama'],,1h 36m,2007,"['Chad Allen', 'David Petruzzi', 'Arron Shiver', 'Colin Jones', 'Stephen Lang']",['Robert Cary']
395,My Little Pony: A New Generation,92,83,89,"['Kids & Family', 'Comedy', 'Animation']",PG,1h 30m,2021,"['Vanessa Hudgens', 'Kimiko Glenn', 'James Marsden', 'Elizabeth Perkins', 'Jane Krakowski']","['Robert Cullen', 'Jose Luis Ucha']"
396,The Forever Purge,49,78,58,"['Action', 'Mystery & Thriller', 'Horror']",R,1h 43m,2021,"['Ana de la Reguera', 'Josh Lucas', 'Tenoch Huerta', 'Leven Rambin', 'Will Patton']",['Everardo Gout']
397,Golden Arm,100,79,92,['Comedy'],,1h 31m,2020,"['Mary Holland', 'Betsy Sodaro', 'Olivia Stambouliah', 'Eugene Cordero', 'Dot Marie Jones']",['Maureen Bharoocha']
398,"Faith, Hope & Love",80,82,80,"['Romance', 'Comedy']",PG,1h 46m,2019,"['Peta Murgatroyd', 'Robert Krantz', 'Ed Asner', 'Corbin Bernsen', 'Michael Richards']","['Robert Krantz', 'Jj Englert']"
399,My Son Hunter,67,88,74,"['Biography', 'Comedy', 'Drama']",,1h 35m,2022,"['Laurence Fox', 'John James', 'Gina Carano', 'Emma Gojkovic', 'Robert Davi']",['Robert Davi']
400,Don't Breathe 2,44,85,57,"['Mystery & Thriller', 'Horror', 'Action']",R,1h 38m,2021,"['Stephen Lang', 'Madelyn Grace', 'Brendan Sexton III', 'Adam Young', 'Bobby Schofield']",['Rodo Sayagues']
401,Hide and Seek,13,27,17,['Mystery & Thriller'],R,1h 40m,2021,"['Jonathan Rhys-Meyers', 'Jacinda Barrett', 'Joe Pantoliano', 'Mustafa Shakir', 'Geoffrey Owens']",['Joel Moore 4']
402,Take Out Girl,71,86,76,['Drama'],,1h 38m,2020,"['Hedy Wong', 'Ski Carr', 'Lynna Yee', 'J. Teddy Garces', 'Lorin Alond Ly']",['Hisonni Johnson']
403,The Nest,73,71,72,"['Horror', 'Mystery & Thriller']",,1h 30m,2021,"['Dee Wallace', 'Sarah Navratil', 'Kevin Patrick Murphy', 'Drez Ryan', 'Blaque Fowler']",['James Suttles']
404,The GoodTimesKid,78,58,71,"['Action', 'Comedy']",,1h 17m,2005,"['Sara Diaz', 'Gerardo Naranjo', 'Azazel Jacobs', ""Brian O'Keeffe"", 'Azazel Jacobs']",['1186457 Azazel Jacobs']
405,The Omega Code,8,31,15,['Mystery & Thriller'],PG-13,1h 39m,1999,"['Casper Van Dien', 'Michael York', 'Catherine Oxenberg', 'Michael Ironside', 'Jan Tríska']",['Robert Marcarelli']
406,Apex,11,60,27,"['Action', 'Adventure']",,1h 33m,2021,"['Neal McDonough', 'Bruce Willis', 'Corey Large', 'Alexia Fast', 'Nels Lennarson']",['Edward Drake']
407,Everything Put Together,69,49,62,['Drama'],R,1h 25m,2000,"['Radha Mitchell', 'Megan Mullally', 'Louis Ferreira', 'Catherine Lloyd Burns', 'Alan Ruck']",['Marc Forster']
408,Camp Confidential: America's Secret Nazis,100,75,91,"['Documentary', 'Animation']",PG-13,34m,2021,"['Arno Mayer', 'Peter Weiss', 'Mor Loushy', 'Daniel Sivan', 'Benjamin Bergmann']","['Mor Loushy', 'Daniel Sivan']"
409,Witch Hunt,63,32,52,"['Mystery & Thriller', 'Horror', 'Drama']",R,1h 38m,2021,"['Gideon Adlon', 'Abigail Cowen', 'Christian Camargo', 'Elizabeth Mitchell', 'Cameron Crovetti']",['Elle Callahan']
410,Trust,79,65,74,['Mystery & Thriller'],R,1h 46m,2010,"['Clive Owen', 'Catherine Keener', 'Liana Liberato', 'Jason Clarke', 'Noah Emmerich']",['David Schwimmer']
411,Demonic,13,19,15,"['Sci-Fi', 'Mystery & Thriller', 'Horror']",R,1h 45m,2021,"['Carly Pope', 'Chris Martin', 'Michael J. Rogers', 'Nathalie Boltt', 'Kandyse McClure']",['1184322 Neill Blomkamp']
412,Blood Brothers: Malcolm X & Muhammad Ali,94,83,90,"['Documentary', 'History']",PG-13,1h 36m,2021,"['Malcolm X', 'Muhammad Ali', 'John F. Kennedy', 'Ilyasah Shabazz', 'Rahman Ali']",['Marcus A Clarke']
413,A Glitch in the Matrix,67,25,53,['Documentary'],,1h 48m,2020,"['Nick Bostrom', 'Joshua Cooke', 'Erik Davis', 'Paul Gude', 'Rodney Ascher']",['Rodney Ascher']
414,Adverse,75,81,77,"['Mystery & Thriller', 'Action', 'Crime', 'Drama']",R,1h 34m,2021,"['Thomas Ian Nicholas', 'Lou Diamond Phillips', 'Sean Astin', 'Penelope Ann Miller', 'Mickey Rourke']",['Brian Metcalf']
415,Funhouse,0,76,25,['Horror'],,1h 46m,2019,"['Valter Skarsgård', 'Gigi Saul Guerrero', 'Khamisa Wilsher', 'Christopher Gerard', 'Karolina Benefield']",['Jason William Lee']
416,Woe,80,0,53,"['Horror', 'Mystery & Thriller']",,1h 24m,2020,"['Adam Halferty', 'Jerilyn Armstrong', 'Russell Becker', 'Honus Honus', 'DeVaughn LaBon']",['Matthew Goodhue']
417,All We Had,40,48,42,['Drama'],,1h 45m,2016,"['Stefania Owen', 'Katie Holmes', 'Luke Wilson', 'Richard Kind', 'Mark Consuelos']",['Katie Holmes']
418,The Great Indian Kitchen,100,78,92,['Drama'],,1h 40m,2021,"['Nimisha Sajayan', 'Suraj Venjaramoodu', 'Ajitha V.M.', 'Sidhartha Siva', 'T. Suresh Babu']",['Jeo Baby']
419,Pelosi in the House,86,38,70,['Documentary'],TV14,1h 49m,2022,"['Nancy Pelosi', 'Alexandra Pelosi', 'Alexandra Pelosi', 'Nancy Abraham', 'Lisa Heller']",['Alexandra Pelosi']
420,Chaos Walking,21,71,37,"['Sci-Fi', 'Adventure']",PG-13,1h 49m,2021,"['Daisy Ridley', 'Tom Holland', 'Mads Mikkelsen', 'Demián Bichir', 'Cynthia Erivo']",['Doug Liman']
421,Queen of Spades: The Dark Rite,40,17,32,"['Horror', 'Mystery & Thriller']",,1h 32m,2015,"['Alina Babak', 'Valeriya Dmitrieva', 'Igor Khripunov', 'Evgeniya Loza', 'Sergey Pokhodaev']",['Svyatoslav Podgayevskiy']
422,Flag Day,39,48,42,"['Drama', 'Mystery & Thriller']",R,1h 48m,2021,"['Dylan Penn', 'Sean Penn', 'Josh Brolin', 'Norbert Leo Butz', 'Dale Dickey']",['Sean Penn']
423,The Conjuring: The Devil Made Me Do It,55,83,64,"['Horror', 'Mystery & Thriller']",R,1h 52m,2021,"['Patrick Wilson', 'Vera Farmiga', ""Ruairi O'Connor"", 'Sarah Catherine Hook', 'Julian Hilliard']",['Michael Chaves']
424,Coded Bias,100,56,85,['Documentary'],,1h 30m,2020,"['Joy Buolamwini', 'Shalini Kantayya', 'Shalini Kantayya', 'Steve Acevedo', 'Alexandra Gilwit']",['Shalini Kantayya']
425,Lucky,93,28,71,"['Horror', 'Mystery & Thriller']",,1h 23m,2020,"['Brea Grant', 'Hunter C. Smith', 'Kristina Klebe', 'Kausar Mohammed', 'Dhruv Uday Singh']",['Natasha Kermani']
426,Voices,0,60,20,"['Horror', 'Mystery & Thriller']",,1h 48m,2020,"['Ashley Bell', 'Jordan Ladd', 'Leslie Easterbrook', 'Valerie Jane Parker', 'Jenna Harvey']",['Nathaniel Nuon']
427,Son of Monarchs,92,100,94,['Drama'],R,1h 37m,2020,"['Paulina Gaitán', 'William Mapother', 'Tenoch Huerta', 'Electra Avellán', 'Alexia Rasmussen']",['Alexis Gambis']
428,To All the Boys: Always and Forever,78,58,71,"['Romance', 'Comedy', 'Drama']",,1h 49m,2021,"['Lana Condor', 'Noah Centineo', 'Janel Parrish', 'Madeleine Arthur', 'Lisa Durupt']",['Michael Fimognari']
429,Whirlybird,83,83,83,['Documentary'],,1h 43m,2020,"['Marika Gerrard', 'Zoey Tur', 'Katy Tur', 'Matt Yoka', 'Andrea James']",['Matt Yoka']
430,On These Grounds,88,80,85,['Documentary'],,1h 48m,2021,"['Vivian Anderson', 'Janae Davis', 'Garrett Zevgetis', 'Chico Colvard', 'Jeff Consiglio']",['Garrett Zevgetis']
431,Woman in Motion,100,96,98,['Documentary'],,1h 35m,2019,"['Nichelle Nichols', 'Todd Thompson', 'Tim Franta', 'Tim Franta', 'David Teek']",['Todd Thompson 2']
432,Baby Money,75,77,75,"['Crime', 'Drama', 'Mystery & Thriller']",,1h 34m,2021,"['Danay Garcia', 'Michael Drayer', 'Taja V. Simpson', 'Travis Hammer', 'Joey Kern']","['Mikhael Bassilli', 'Luc Walpoth']"
433,Changing the Game,100,53,84,"['Documentary', 'LGBTQ+', 'Sports & Fitness']",,1h 28m,2019,"['Mack Beggs', 'Sarah Rose Huckman', 'Andraya Yearwood', 'Michael Barnett', 'Michael Mahaffie']",['Michael Barnett 2']
434,Test Pattern,96,51,81,"['Drama', 'Mystery & Thriller']",,1h 22m,2021,"['Brittany S. Hall', 'Will Brill', 'Gail Bean', 'Drew Fuller', 'Ben Levin']",['Shatara Michelle Ford']
435,The Never List,60,100,73,['Drama'],R,1h 42m,2020,"['Fivel Stewart', 'Keiko Agena', 'Andrew Kai', ""Brenna D'Amico"", 'Anna Grace Barlow']",['Michelle Mower']
436,The Matrix Resurrections,63,63,63,"['Sci-Fi', 'Action']",R,2h 28m,2021,"['Keanu Reeves', 'Carrie-Anne Moss', 'Yahya Abdul-Mateen II', 'Jonathan Groff', 'Jessica Henwick']",['Lana Wachowski']
437,Love's Kitchen,18,28,21,"['Romance', 'Comedy']",PG-13,1h 30m,2011,"['Claire Forlani', 'Dougray Scott', 'Michelle Ryan', 'Gordon Ramsay', 'Lee Boardman']",['James Hacking 2']
438,With Blood on My Hands: Pusher II,100,85,94,"['Crime', 'Drama']",,1h 36m,2004,"['Mads Mikkelsen', 'Leif Sylvester Petersen', 'Kurt Nielsen', 'Oyvind Hagen-Traberg', 'Dan Dommer']",['Nicolaswindingrefn']
439,Free Birds,20,44,28,"['Kids & Family', 'Holiday', 'Comedy', 'Adventure', 'Animation']",PG,1h 31m,2013,"['Owen Wilson', 'Woody Harrelson', 'Amy Poehler', 'George Takei', 'Colm Meaney']",['1180768 Jimmy Hayward']
440,Smash & Grab: The Story of the Pink Panthers,85,51,73,['Documentary'],,1h 33m,2012,"['Tomislav Tom Benzon', 'Daniel Vivian', 'Havana Marking', 'Mike Lerner', 'Martin Herring']",['Havana Marking']
441,Kate,46,51,47,"['Action', 'Adventure']",R,1h 46m,2021,"['Mary Elizabeth Winstead', 'Woody Harrelson', 'Miku Patricia Martineau', 'Jun Kunimura', 'Michiel Huisman']",['Cedric Nicolas']
442,Diary of a Wimpy Kid: The Long Haul,18,30,22,"['Kids & Family', 'Comedy', 'Adventure']",PG,1h 31m,2017,"['Jason Drucker', 'Alicia Silverstone', 'Tom Everett Scott', 'Charlie Wright', 'Owen Asztalos']",['David Bowers']
443,Every Breath You Take,20,89,43,['Mystery & Thriller'],R,1h 46m,2021,"['Casey Affleck', 'Michelle Monaghan', 'Sam Claflin', 'India Eisley', 'Emily Alyn Lind']",['Vaughn Stein']
444,Into the Darkness,61,50,57,"['Drama', 'History', 'War']",,2h 33m,2020,"['Jesper Christensen', 'Bodil Jørgensen', 'Mads Reuther', 'Gustav Dyekjær Giese', 'Sara Viktoria Bjerregaard']",['Anders Refn']
445,Not Going Quietly,100,89,96,['Documentary'],,1h 36m,2021,"['Ady Barkan', 'Rachel King', 'Liz Jaff', 'Nate Smith', 'Tracey Corder']",['Nicholas Bruckman']
446,Of Human Bondage,50,54,51,['Drama'],,1h 38m,1964,"['Kim Novak', 'Laurence Harvey', 'Robert Morley', 'Siobhan McKenna', 'Roger Livesey']","['Bryan Forbes', 'Ken Hughes 2']"
447,Gully,25,80,43,"['Mystery & Thriller', 'Drama', 'Crime']",R,1h 24m,2019,"['Kelvin Harrison Jr.', 'Charlie Plummer', 'Jacob Latimore', 'Jonathan Majors', 'Mo McRae']",['Nabil Elderkin']
448,Till Death,90,54,78,"['Mystery & Thriller', 'Action']",R,1h 28m,2021,"['Megan Fox', 'Eoin Macken', 'Callan Mulvey', 'Jack Roth', 'Aml Ameen']",['Sk Dale']
449,First Date,53,67,57,"['Comedy', 'Action', 'Romance']",,1h 43m,2021,"['Tyson Brown', 'Shelby Duclos', 'Jesse Janzen', 'Nicole Berry', 'Samuel Ademola']","['Manuel Crosby 2', 'Darren Knapp 2']"
450,Dr. Bird's Advice for Sad Poets,80,76,78,['Drama'],R,1h 49m,2021,"['Lucas Jade Zumann', 'Taylor Russell', 'David Arquette', 'Lisa Edelstein', 'Jason Isaacs']",['Yaniv Raz']
451,The Alpinist,93,97,94,['Documentary'],PG-13,1h 33m,2021,"['Marc-André Leclerc', 'Brette Harrington', 'Alex Honnold', 'Reinhold Messner', 'Barry Blanchard']","['Peter Mortimer', 'Nick Rosen']"
452,Ida Red,33,32,32,"['Crime', 'Drama', 'Mystery & Thriller']",R,1h 51m,2021,"['Josh Hartnett', 'Frank Grillo', 'Melissa Leo', 'Sofia Hublitz', 'William Forsythe']",['John Swab']
453,Wheelman,88,66,80,"['Action', 'Mystery & Thriller']",,1h 22m,2017,"['Frank Grillo', 'Caitlin Carmichael', 'Garret Dillahunt', 'Wendy Moniz', 'John Cenatiempo']",['Jeremy Rush']
454,Me You Madness,21,82,41,"['Comedy', 'Mystery & Thriller']",R,1h 38m,2021,"['Ed Westwick', 'Louise Linton', 'Joel Michaely', 'Grant Goodman', 'Shuya Chang']",['Louise Linton 2']
455,Living Is Easy With Eyes Closed,94,77,88,['Drama'],,1h 48m,2013,"['Francesc Colomer', 'Javier Cámara', 'Ramon Fontserè', 'Natalia de Molina', 'Rogelio Fernández']",['David Trueba']
456,Black Friday,65,39,56,"['Holiday', 'Horror', 'Sci-Fi', 'Comedy']",,1h 20m,2021,"['Bruce Campbell', 'Devon Sawa', 'Michael Jai White', 'Ivana Baquero', 'Ryan Lee']",['Casey Tebo']
457,Sacrifice,60,36,52,"['Horror', 'Mystery & Thriller']",,1h 27m,2021,"['Barbara Crampton', 'Ludovic Hughes', 'Sophie Stevens', 'Erik Lundin', 'Jack Kristiansen']","['Andy Collier', 'Toor Mian']"
458,Night Teeth,38,47,41,"['Mystery & Thriller', 'Crime', 'Drama']",,1h 47m,2021,"['Jorge Lendeborg', 'Debby Ryan', 'Lucy Fry', 'Alfie Allen', 'Sydney Sweeney']",['Adam Randall']
459,One Night in Miami,98,78,91,['Drama'],R,1h 50m,2020,"['Kingsley Ben-Adir', 'Aldis Hodge', 'Leslie Odom Jr.', 'Eli Goree', 'Lance Reddick']",['Regina King']
460,Dark Harvest,71,50,63,"['Horror', 'Mystery & Thriller']",R,1h 20m,2023,"['Casey Likes', 'Emyri Crutchfield', 'Dustin Ceithamer', 'Elizabeth Reaser', 'Jeremy Davies']",['David Slade']
461,The Arbors,67,24,52,"['Sci-Fi', 'Mystery & Thriller']",,1h 56m,2020,"['Drew Matthews', 'Ryan Davenport', 'Sarah Cochrane', 'Daryl Munroe', 'Alexandra Rose']",['Clayton Witmer']
462,Elizabeth is Missing,93,76,87,"['Drama', 'Mystery & Thriller']",,Drama/Mystery & thriller,2019,"['Glenda Jackson', 'Maggie Steed', 'Helen Behan', 'Nell Williams', 'Liv Hill']",['Aisling Walsh']
463,Finding Kendrick Johnson,100,71,90,['Documentary'],,1h 42m,2021,"['Jenifer Lewis', 'Jason Pollock', 'Jason Pollock', 'Jason Pollock', 'Amy McCampbell']",['Jason Pollock']
464,"Mark, Mary & Some Other People",57,56,56,"['Romance', 'Comedy', 'Drama']",,1h 30m,2021,"['Ben Rosenfield', 'Hayley Law', 'Nik Dodani', 'Matt Shively', 'Sofia Bryant']",['Hannah Marks']
465,The Last Son,9,49,22,['Western'],R,1h 38m,2021,"['Sam Worthington', 'Heather Graham', 'Thomas Jane', 'Machine Gun Kelly', 'James Landry Hébert']",['Tim Sutton']
466,Rafiki,94,73,87,"['Drama', 'Romance', 'LGBTQ+']",,1h 23m,2018,"['Samantha Mugatsia', 'Sheila Munyiva', 'Jimmi Gathu', 'Nini Wacera', 'Dennis Musyoka']",['Wanuri Kahiu']
467,Christmas at the Ranch,100,59,86,"['Holiday', 'Romance', 'Comedy', 'LGBTQ+']",,1h 34m,2021,"['Lindsay Wagner', 'Amanda Righetti', 'Archie Kao', 'Laur Allen', 'Dia Frampton']",['Christin Baker']
468,Citizen Ashe,97,89,94,"['Documentary', 'Biography']",,1h 36m,2021,"['Johnnie Ashe', 'Jeanne Moutoussamy-Ashe', 'Harry Edwards', 'Rex Miller', 'Samuel D. Pollard']","['Rex Miller', 'Samuel D Pollard']"
469,Trollhunters: Rise of the Titans,88,46,74,"['Kids & Family', 'Adventure', 'Action', 'Fantasy', 'Animation']",,1h 46m,2021,"['Steven Yeun', 'Alfred Molina', 'Nick Offerman', 'Emile Hirsch', 'Nick Frost']","['Johane Matte', 'Francisco Ruiz Velasco', 'Andrew L Schmidt']"
470,Dear Evan Hansen,29,88,48,"['Musical', 'Drama']",PG-13,2h 17m,2021,"['Ben Platt', 'Amy Adams', 'Julianne Moore', 'Kaitlyn Dever', 'Amandla Stenberg']",['Stephen Chbosky']
471,The Old Ways,95,45,78,"['Horror', 'Mystery & Thriller']",,1h 30m,2021,"['Brigitte Kali Canales', 'Andrea Cortes', 'Julia Vera', 'Sal Lopez', 'AJ Bowen']",['Chris Alender']
472,The Green Knight,89,50,76,"['Fantasy', 'Adventure']",R,2h 5m,2021,"['Dev Patel', 'Alicia Vikander', 'Joel Edgerton', 'Sarita Choudhury', 'Sean Harris']",['David Lowery']
473,No Man of God,80,63,74,"['Crime', 'Drama', 'Mystery & Thriller']",,1h 40m,2021,"['Elijah Wood', 'Luke Kirby', 'Aleksa Palladino', 'Robert Patrick', 'Christian Clemenson']",['Amber Rose Sealey']
474,Bring Me the Head of Alfredo Garcia,78,85,80,"['Crime', 'Drama']",R,1h 52m,1974,"['Warren Oates', 'Isela Vega', 'Gig Young', 'Robert Webber', 'Helmut Dantine']",['Sam Peckinpah']
475,Mortal Kombat Legends: Snow Blind,80,87,82,"['Action', 'Adventure', 'Animation']",R,1h 22m,2022,"['Manny Jacinto', 'David Wenham', 'Patrick Seitz', 'Artt Butler', 'Debra Wilson']",['Rick Morales 2']
476,Penguin Bloom,67,82,72,['Drama'],,1h 35m,2020,"['Naomi Watts', 'Andrew Lincoln', 'Jacki Weaver', 'Rachel House', 'Leeanna Walsman']",['Glendyn Ivin']
477,It's All True,83,71,79,['Documentary'],G,1h 25m,1993,"['Manuel ""Jacare"" Meira', 'Jeronimo André De Souza', 'Raimundo ""Tata"" Correia Lima', 'Manuel ""Preto"" Pereira Da Silva', 'Jose Sobrinho']","['Norman Foster', 'Bill Krohn', 'Myron Meisel', 'Orson Welles', 'Richard Wilson 5']"
478,Stuntman,100,88,95,['Documentary'],,1h 25m,2018,"['Elia P. Popov', 'Scott Truax', 'Kurt Matilla', 'Eddie Braun', 'Steven James Golebiowski']",['Kurt Matilla']
479,Fatal Instinct,17,41,25,['Comedy'],PG-13,1h 28m,1993,"['Armand Assante', 'Sherilyn Fenn', 'Kate Nelligan', 'Sean Young', 'Christopher McDonald']",['Carl Reiner']
480,Try Harder!,97,87,93,['Documentary'],,1h 25m,2021,"['Sophia Wu', 'Ian Wang', 'Rachael Schmidt', 'Alvan Cai', 'Shealand Fairchild']",['Debbie Lum']
481,Reminiscence,36,37,36,"['Sci-Fi', 'Mystery & Thriller']",PG-13,1h 56m,2021,"['Hugh Jackman', 'Rebecca Ferguson', 'Thandiwe Newton', 'Cliff Curtis', 'Marina de Tavira']",['Lisa Joy']
482,Good on Paper,50,37,45,"['Romance', 'Comedy']",R,1h 34m,2021,"['Iliza Shlesinger', 'Ryan Hansen', 'Margaret Cho', 'Rebecca Rittenhouse', 'Tony Rodriguez']",['Kimmy Gatewood']
483,'Twas the Fight Before Christmas,100,52,83,['Documentary'],,1h 31m,2021,"['Jeremy Morris', 'Becky Read', 'Julia Nottingham', 'Lisa Gomer']",['Becky Read']
484,Departure,87,57,77,"['Drama', 'LGBTQ+']",,1h 49m,2015,"['Juliet Stevenson', 'Alex Lawther', 'Phénix Brossard', 'Finbar Lynch', 'Niamh Cusack']",['Andrew Steggall 2']
485,Sanctuary,89,89,89,"['Comedy', 'Drama', 'Mystery & Thriller']",R,1h 36m,2022,"['Margaret Qualley', 'Christopher Abbott', 'Francisco Castaneda', 'Kathie Young', 'Dominic Defilips']",['Zachary Wigon']
486,Infinite,17,34,22,"['Sci-Fi', 'Action', 'Mystery & Thriller']",PG-13,1h 46m,2021,"['Mark Wahlberg', 'Chiwetel Ejiofor', 'Sophie Cookson', 'Jason Mantzoukas', 'Rupert Friend']",['Antoine Fuqua']
487,Stay Out of the Attic,25,3,17,['Horror'],,1h 22m,2020,"['Ryan Francis', 'Michael Flynn', 'Morgan Alexandria', 'Bryce Fernelius', 'Brynn Hurlburt']",['Jerren Lauder']
488,The Estate,32,33,32,['Comedy'],R,1h 31m,2022,"['Toni Collette', 'Anna Faris', 'David Duchovny', 'Rosemarie DeWitt', 'Ron Livingston']",['Dean Craig']
489,Post Grad,8,27,14,['Comedy'],PG-13,1h 29m,2009,"['Alexis Bledel', 'Zach Gilford', 'Rodrigo Santoro', 'Carol Burnett', 'Michael Keaton']",['Vicky Jenson']
490,Death Drop Gorgeous,79,60,72,"['Horror', 'Comedy', 'LGBTQ+']",,1h 44m,2020,"['Wayne Gonsalves', 'Michael McAdam', 'Brandon Perras-Sanchez', 'Christopher Dalpe', 'Matthew Pidge']","['Michael J Ahern', 'Christopher Dalpe', 'Brandon Perras Sanchez']"
491,I'll Meet You There,86,97,89,"['Drama', 'Mystery & Thriller']",,1h 30m,2020,"['Faran Tahir', 'Aneesha Joshi', 'Sheetal Sheth', 'Samrat Chakrabarti', 'Shawn Parsons']",['Iram Parveen Bilal']
492,Bloodthirsty,80,26,61,"['Horror', 'Mystery & Thriller', 'Fantasy']",,1h 25m,2020,"['Lauren Beatty', 'Greg Bryk', 'Katharine King So', 'Judith Buchan', 'Michael Ironside']",['Amelia Moses 2']
493,At the Max,100,90,96,['Documentary'],,1h 29m,1991,"['Mick Jagger', 'Keith Richards', 'Ron Wood', 'Charlie Watts', 'Bill Wyman']","['Noel Archambault', 'David Douglas 3', 'Roman Kroitor', 'Christine Stand', 'Julien Temple']"
494,Edge of the World,56,43,51,"['Adventure', 'History', 'Drama']",,1h 44m,2021,"['Jonathan Rhys-Meyers', 'Josie Ho', 'Dominic Monaghan', 'Ralph Ineson', 'Hannah New']",['Michael Haussman']
495,Curse of Aurore,75,67,72,"['Horror', 'Mystery & Thriller']",,1h 30m,2020,"['Llana Barron', 'Lex Wilson', 'Jordan Kaplan', 'Casey Nolan', 'Agathe Salzmann']",['Mehran Torgoley']
