0,Shapeless,76,43,65,"['Horror', 'Mystery & Thriller', 'Drama']",,1h 28m,2021,"['Kelly Murtagh', 'Bobby Gilchrist', 'Jamie Neumann', 'Marco Dapper', 'Erika Ashley']",['Samantha Aldana 2']
1,The Other Side of Darkness,50,93,64,"['Adventure', 'Action', 'Drama']",,1h 59m,2022,"['Maggie Callahan', 'Scott Davis', 'Olivia Billings', 'Drake Tobias', 'Adam Deierling']",['Adam Deierling']
2,Stoker Hills,17,99,44,"['Horror', 'Mystery & Thriller', 'Action']",,1h 31m,2020,"['Tony Todd', 'Steffani Brass', 'David Gridley', 'Vince Hill-Bedford', 'William Lee Scott']",['Benjamin Louis']
3,It's a Wonderful Binge,25,96,48,"['Holiday', 'Comedy']",,1h 38m,2022,"['Eduardo Franco', 'Dexter Darden', 'Zainne Saleh', 'Marta Piekarz', 'Danny Trejo']",['Jordan Vandina']
4,ECCO,18,80,38,"['Mystery & Thriller', 'Drama']",R,2h 3m,2019,"['Lathrop Walker', 'Tabitha Bastien', 'Helena Grace Donald', 'Mahria Zook', 'Michael Winters']",['Ben Medina 2']
5,End of the Road,31,16,25,"['Mystery & Thriller', 'Crime', 'Action']",R,1h 29m,2022,"['Queen Latifah', 'Beau Bridges', 'Ludacris', 'Jesse Luken', 'Frances Lee McCain']",['Millicent Shelton']
6,The Last Tourist,100,67,88,['Documentary'],,1h 24m,2021,"['Jane Goodall', 'Lek Chailert', 'George Stone', 'Meenu Vadera', 'Jonathan Tourtellot']",['Tyson Sadler']
7,Diary of a Spy,57,67,60,"['Mystery & Thriller', 'Romance', 'Drama']",,1h 39m,2022,"['Tamara Taylor', 'Reece Noi', 'Fred Melamed', 'Jon Lindstrom', 'Susan Sullivan']",['Adam Christian Clark']
8,Girl in the Picture,96,83,91,['Documentary'],,1h 41m,2022,"['Sarah French', 'Matt Birkbeck', 'Skye Borgman', 'Matt Birkbeck']",['770922101']
9,Measure of Revenge,12,54,26,['Mystery & Thriller'],,1h 32m,2022,"['Melissa Leo', 'Bella Thorne', 'Jake Weary', 'Adrian Martinez', 'Roma Maffia']",['Peyfa']
10,The Bad Guys,88,93,89,"['Kids & Family', 'Comedy', 'Adventure', 'Animation']",PG,1h 39m,2022,"['Sam Rockwell', 'Zazie Beetz', 'Marc Maron', 'Awkwafina', 'Craig Robinson']",['Pierre Perifel']
11,Descendant,100,63,87,['Documentary'],PG,1h 49m,2022,"['Margaret Brown', 'Margaret Brown', 'Essie Chambers', 'Kyle Martin', 'Shawn Gee']",['Margaret Brown']
12,Last Seen Alive,13,47,24,"['Action', 'Mystery & Thriller']",R,1h 35m,2022,"['Gerard Butler', 'Jaimie Alexander', 'Russell Hornsby', 'Dani Deette', 'Aleks Alifirenko Jr.']",['Brian Goodman']
13,The Sea Beast,95,84,91,"['Kids & Family', 'Fantasy', 'Adventure', 'Comedy', 'Animation']",PG,1h 55m,2022,"['Karl Urban', 'Zaris-Angel Hator', 'Jared Harris', 'Dan Stevens', 'Marianne Jean-Baptiste']",['Chris Williams 2']
14,Pearl,93,82,89,"['Horror', 'Mystery & Thriller', 'Comedy']",R,1h 42m,2022,"['Mia Goth', 'David Corenswet', 'Tandi Wright', 'Matthew Sunderland', 'Emma Jenkins-Purro']",['Ti West']
15,Margaux,63,28,51,"['Horror', 'Mystery & Thriller', 'Sci-Fi']",R,1h 45m,2022,"['Madison Pettis', 'Vanessa Morgan', 'Richard Harmon', 'Lochlyn Munro', 'Jedidiah Goodacre']",['Steven C Miller']
16,Tin Can,80,41,67,"['Horror', 'Sci-Fi', 'Mystery & Thriller']",,1h 44m,2021,"['Anna Hopkins', 'Simon Mutabazi', 'Michael Ironside', 'Tim Dunn', 'Kristin Langille']",['Seth A Smith']
17,I Am D.B. Cooper,22,80,41,"['Crime', 'Drama']",,1h 40m,2022,"['Ryan Cory', 'Chris Grounds', 'Rodney Bonnifield', 'Mike Rocha', 'Rainee Blake']",['Tj Regan']
18,How to Survive a Pandemic,82,38,67,['Documentary'],,1h 49m,2022,"['Dr. Anthony Fauci', 'Dr. Albert Bourla', 'Jon Cohen', 'Dr. Dan Barouch', 'Glenda Gray']",['David France']
19,Vinyl Nation,100,84,94,"['Documentary', 'Music']",,1h 33m,2020,"['Judy Mills', 'Ashley Ford', 'Kelly Stacy', 'John Vanderslice', 'KutMasta Kurt']","['Kevin Smokler', 'Christopher Boone 2']"
20,Harry Potter 20th Anniversary: Return to Hogwarts,93,86,90,"['Documentary', 'Fantasy', 'Kids & Family']",,1h 45m,2022,"['Daniel Radcliffe', 'Emma Watson', 'Rupert Grint', 'Chris Columbus', 'Helena Bonham Carter']",['Casey Patterson']
21,The Redeem Team,93,94,93,"['Documentary', 'Sports']",,Documentary/Sports,2022,"['Dwyane Wade', 'LeBron James', 'Mike Krzyzewski', 'Jon Weinbach', 'Greg Groggel']",['Jon Weinbach']
22,Hold Your Fire,95,54,81,"['Documentary', 'History']",,1h 33m,2021,"[""Shu'aib Raheem"", 'Harvey Schlossberg', 'Stefan Forbes', 'Stefan Forbes', 'Tia Wou']",['Stefan Forbes']
23,Revealer,64,61,63,['Horror'],,1h 26m,2022,"['Caito Aase', 'Shaina Schrooten', 'Bishop Stevens', 'Buzz Leer', 'Phil Bogdan']",['Luke Boyce']
24,Darby and the Dead,54,75,61,"['Comedy', 'Drama', 'Fantasy']",PG-13,1h 41m,2022,"['Riele Downs', ""Auli'i Cravalho"", 'Chosen Jacobs', 'Asher Angel', 'Wayne Knight']",['Silas Howard']
25,Abandoned,20,19,19,"['Horror', 'Mystery & Thriller']",PG-13,1h 42m,2022,"['Emma Roberts', 'John Gallagher Jr.', 'Paul Schneider', 'Michael Shannon', 'Kate Arrington']",['Spencer Squire']
26,King Knight,74,44,63,"['Comedy', 'Fantasy', 'Horror']",,1h 21m,2021,"['Matthew Gray Gubler', 'Angela Sarafyan', 'Andy Milonakis', 'Kate Comer', 'Johnny Pemberton']",['Richard Bates Jr']
27,House of Gucci,61,83,68,['Drama'],R,2h 37m,2021,"['Lady Gaga', 'Adam Driver', 'Al Pacino', 'Jeremy Irons', 'Jared Leto']",['Ridley Scott']
28,The Twin,41,29,37,"['Horror', 'Mystery & Thriller']",,1h 49m,2022,"['Teresa Palmer', 'Steven Cree', 'Barbara Marten', 'Tristan Ruggeri', 'Ergo Küppas']",['Taneli Mustonen']
29,Scout's Honor: The Secret Files of the Boy Scouts of America,94,81,89,"['Crime', 'Documentary']",,1h 34m,2023,['Brian Knappenberger'],['Brian Knappenberger']
30,Hocus Pocus 2,65,48,59,"['Kids & Family', 'Holiday', 'Comedy', 'Fantasy']",PG,1h 43m,2022,"['Bette Midler', 'Sarah Jessica Parker', 'Kathy Najimy', 'Doug Jones', 'Whitney Peak']",['Anne Fletcher']
31,The 355,24,86,44,"['Action', 'Mystery & Thriller']",PG-13,2h 2m,2022,"['Jessica Chastain', 'Sebastian Stan', 'Penélope Cruz', ""Lupita Nyong'o"", 'Diane Kruger']",['Simon Kinberg']
32,Walk With Me,81,57,73,['Documentary'],,1h 28m,2017,"['Benedict Cumberbatch', 'Marc Francis', 'Max Pugh', 'Marc Francis', 'Max Pugh']","['Marc Francis', 'Max Pugh']"
33,Kajillionaire,90,47,75,"['Comedy', 'Drama']",R,1h 44m,2020,"['Evan Rachel Wood', 'Gina Rodriguez', 'Richard Jenkins', 'Debra Winger', 'Patricia Belcher']",['Miranda July']
34,Old Man,63,51,59,['Mystery & Thriller'],,1h 37m,2022,"['Stephen Lang', 'Marc Senter', 'Liana Wright-Mark', 'Patch Darragh', 'Lucky McKee']",['Lucky Mckee']
35,Leave No Trace,83,68,78,['Documentary'],,1h 48m,2022,"['Irene Taylor', 'Irene Taylor', 'Nigel Jacquiss', 'Sara Bernstein', 'Justin Wilkes']",['Irene Taylor 2']
36,Oppenheimer,93,91,92,"['History', 'Drama', 'Biography']",R,3h 0m,2023,"['Cillian Murphy', 'Emily Blunt', 'Robert Downey Jr.', 'Matt Damon', 'Rami Malek']",['Christopher Nolan']
37,Roald Dahl's Matilda the Musical,93,73,86,"['Kids & Family', 'Musical', 'Comedy', 'Drama', 'Fantasy']",PG,1h 57m,2022,"['Alisha Weir', 'Emma Thompson', 'Lashana Lynch', 'Stephen Graham', 'Andrea Riseborough']",['Matthew Warchus']
38,Shady Grove,40,83,54,"['Horror', 'Mystery & Thriller']",,1h 35m,2022,"['Niki McElroy', 'Victoria Baldesarra', 'Juhahn Jones', 'Becki Hayes', 'Jackie Ritz']",['Dale Resteghin']
39,5-25-77,100,90,96,['Comedy'],,2h 12m,2022,"['John Francis Daley', 'Austin Pendleton', 'Colleen Camp', 'Neil Flynn', 'Justin Mentell']",['Patrick Read Johnson']
40,Return to Space,79,82,80,['Documentary'],TVMA,2h 8m,2022,"['Bob Behnken', 'Doug Hurley', 'Hans Koenigsmann', 'Elizabeth Chai Vasarhelyi', 'Jimmy Chin']","['Elizabeth Chai Vasarhelyi', 'Jimmy Chin']"
41,Stars at Noon,63,14,46,"['Drama', 'Mystery & Thriller', 'Romance']",,2h 18m,2022,"['Margaret Qualley', 'Joe Alwyn', 'Nick Romano', 'Claire Denis', 'Claire Denis']",['Claire Denis']
42,Armageddon Time,75,48,66,['Drama'],R,1h 54m,2022,"['Anne Hathaway', 'Jeremy Strong', 'Michael Banks Repeta', 'Jaylin Webb', 'Tovah Feldshuh']",['James Gray']
43,Soft & Quiet,85,43,71,"['Horror', 'Mystery & Thriller', 'Drama']",,1h 32m,2022,"['Stefanie Estes', 'Olivia Luccardi', 'Eleanore Pienta', 'Dana Millican', 'Melissa Paulo']",['Beth De Araujo 2']
44,Thieves' Highway,100,79,92,"['Crime', 'Drama']",,1h 34m,1949,"['Richard Conte', 'Valentina Cortese', 'Lee J. Cobb', 'Barbara Lawrence', 'Jack Oakie']",['Jules Dassin']
45,Dual,71,62,68,"['Sci-Fi', 'Comedy', 'Mystery & Thriller']",R,1h 34m,2022,"['Karen Gillan', 'Aaron Paul', 'Beulah Koale', 'Theo James', 'Elina Jackson']",['Riley Stearns']
46,Chip 'n' Dale: Rescue Rangers,80,79,79,"['Kids & Family', 'Comedy', 'Adventure']",PG,1h 36m,2022,"['John Mulaney', 'Andy Samberg', 'Corey Burton', 'Anthony Molinari', 'Juliet Donenfeld']",['Akiva Schaffer']
47,Barbarian,93,71,85,"['Horror', 'Mystery & Thriller']",R,1h 42m,2022,"['Georgina Campbell', 'Bill Skarsgård', 'Justin Long', 'Matthew Patrick Davis', 'Kurt Braunohler']",['Zach Cregger']
48,Hockeyland,85,93,87,['Documentary'],,1h 49m,2021,"['Blake Biondi', 'Tommy Haines', 'J.T. Haines', 'Tommy Haines', 'Andrew Sherburne']",['Tommy Haines']
49,American Underdog,76,98,83,"['Biography', 'Drama']",PG,1h 52m,2021,"['Zachary Levi', 'Anna Paquin', 'Dennis Quaid', ""Ser'Darius Blain"", 'Hayden Zaller']","['Andrew Erwin Ii', 'Jon Erwin']"
50,Jackass Forever,86,91,87,['Comedy'],R,1h 36m,2022,"['Johnny Knoxville', 'Steve-O', 'Chris Pontius', 'Dave England', 'Jason ""Wee Man"" Acuña']",['Jeff Tremaine']
51,Jackass 4.5,67,49,61,['Comedy'],TVMA,1h 30m,2022,"['Johnny Knoxville', 'Steve-O', 'Chris Pontius', 'Dave England', 'Jason ""Wee Man"" Acuña']",['Jeff Tremaine']
52,High School Musical 3: Senior Year,64,72,66,"['Kids & Family', 'Musical', 'Comedy']",G,1h 52m,2008,"['Zac Efron', 'Vanessa Hudgens', 'Ashley Tisdale', 'Lucas Grabeel', 'Corbin Bleu']",['Kenny Ortega']
53,Faye,86,43,71,['Horror'],,1h 23m,2022,"['Sarah Zanotti', 'Kd Amond', 'Kd Amond', 'Sarah Zanotti', 'Kd Amond']",['Kd Amond']
54,Fire Island,94,66,84,"['Romance', 'Comedy']",R,1h 45m,2022,"['Joel Kim Booster', 'Bowen Yang', 'Margaret Cho', 'Conrad Ricamora', 'James Scully']",['Andrew Ahn']
55,Jurassic Park,91,91,91,"['Adventure', 'Action', 'Sci-Fi', 'Mystery & Thriller']",PG-13,2h 6m,1993,"['Sam Neill', 'Laura Dern', 'Jeff Goldblum', 'Richard Attenborough', 'Bob Peck']",['Steve Spielberg']
56,The Adam Project,68,73,69,"['Sci-Fi', 'Adventure', 'Action', 'Comedy']",PG-13,1h 46m,2022,"['Ryan Reynolds', 'Mark Ruffalo', 'Jennifer Garner', 'Walker Scobell', 'Zoe Saldana']",['1048166 Shawn Levy']
57,McEnroe,92,79,87,"['Documentary', 'Sports & Fitness']",,1h 44m,2022,"['Billie Jean King', 'John McEnroe', 'Björn Borg', 'Barney Douglas', 'Barney Douglas']",['Barney Douglas']
58,Red Rocket,90,75,85,"['Comedy', 'Drama']",R,2h 8m,2021,"['Simon Rex', 'Suzanna Son', 'Bree Elrod', 'Brenda Deiss', 'Ethan Darbone']",['Sean Baker 2']
59,The Alternate,75,53,67,"['Mystery & Thriller', 'Sci-Fi']",,1h 27m,2021,"['Ed Gonzalez Moreno', 'Natalia Dominguez', 'Johnny Gilligan', 'Jrue Blickman', 'Phillip Caires']",['Alrik Bursell']
60,Burial,61,49,57,"['Horror', 'Mystery & Thriller']",,1h 35m,2022,"['Charlotte Vega', 'Tom Felton', 'Harriet Walter', 'Barry Ward', 'Kristjan Üksküla']",['Ben Parker 2']
61,Tethered,29,83,47,"['Horror', 'Mystery & Thriller', 'Drama']",,1h 28m,2022,"['Kareem Ferguson', 'Alexandra Paul', 'Jared Laufree', 'Brody Bett', 'Chris Demm']",['Daniel Robinette']
62,Prey for the Devil,17,69,34,"['Horror', 'Mystery & Thriller']",PG-13,1h 33m,2022,"['Jacqueline Byers', 'Colin Salmon', 'Christian Navarro', 'Lisa Palfrey', 'Nicholas Ralph']",['Daniel Stamm']
63,Brut Force,100,95,98,['Mystery & Thriller'],,1h 33m,2022,"['Lelia Symington', 'Tyler Posey', 'Patricia Velasquez', 'Sidney Symington', 'Vico Escorcia']",['Eve Symington']
64,Barbarians,55,14,41,['Mystery & Thriller'],,1h 30m,2021,"['Iwan Rheon', 'Tom Cullen', 'Will Kemp', 'Catalina Sandino Moreno', 'Inès Spiridonov']",['Charles Dorfman']
65,Out of the Blue,19,38,25,"['Mystery & Thriller', 'Romance', 'Drama']",R,1h 45m,2022,"['Diane Kruger', 'Ray Nicholson', 'Hank Azaria', 'Chase Sui Wonders', 'Gia Crovatin']",['Neil Labute']
66,The Pleasures of Being Out of Step,100,57,85,['Documentary'],,1h 27m,2013,"['Andre Braugher', 'David L. Lewis', 'David L. Lewis', 'Tom Hurwitz', 'Samuel D. Pollard']",['David L Lewis']
67,You Are Not My Mother,88,50,75,"['Horror', 'Drama']",,1h 33m,2021,"['Jade Jordan', 'Carolyn Bracken', 'Hazel Doupe', 'Paul Reid', 'Jordanne Jones']",['Kate Dolan']
68,Holiday Inn,100,86,95,"['Holiday', 'Musical', 'Comedy', 'Romance']",,1h 41m,1942,"['Bing Crosby', 'Fred Astaire', 'Marjorie Reynolds', 'Virginia Dale', 'Walter Abel']",['Mark Sandrich']
69,Gasoline Alley,31,87,49,"['Action', 'Mystery & Thriller']",R,1h 37m,2022,"['Bruce Willis', 'Devon Sawa', 'Luke Wilson', 'Kat Foster', 'Kenny Wormald']",['Edward Drake']
70,"Riotsville, USA",92,56,80,"['Documentary', 'History']",,1h 31m,2022,"['Sierra Pettengill', 'Tobi Haslett', 'Sara Archambault', 'Jamila Wignot', 'Charlotte Cook']",['Sierra Pettengill']
71,Take Back the Night,73,29,58,"['Horror', 'Mystery & Thriller']",,1h 30m,2021,"['Emma Fitzpatrick', 'Angela Gulner', 'Jennifer Lafleur', 'Sibongile Mlambo', 'Corina Kinnear']",['Gia Elliot 2']
72,Children of Sin,43,50,45,['Horror'],,1h 35m,2022,"['Meredith Mohler', 'Cami Roebuck', 'Jo-Ann Robinson', 'Lewis Hines', 'Ana-Claire Henley']",['Christopher Wesley Moore']
73,Here Before,86,52,74,"['Mystery & Thriller', 'Drama']",R,1h 23m,2021,"['Andrea Riseborough', ""Jonjo O'Neill"", 'Niamh Dornan', ""Eileen O'Higgins"", 'Martin McCann']",['Stacey Gregg']
74,Sonic the Hedgehog 2,69,96,78,"['Kids & Family', 'Comedy', 'Adventure', 'Fantasy', 'Animation']",PG,2h 2m,2022,"['James Marsden', 'Jim Carrey', 'Ben Schwartz', 'Tika Sumpter', 'Natasha Rothwell']",['Jeff Fowler']
75,Deconstructing Karen,40,57,45,['Documentary'],,1h 15m,2022,"['Saira Rao', 'Regina Jackson', 'Patty Ivins Specht', 'Elisa Bonora', 'Patty Ivins Specht']",['Patty Ivins Specht']
76,The Volcano: Rescue From Whakaari,82,84,82,['Documentary'],PG-13,1h 38m,2022,"['Rory Kennedy', 'Mark Bailey', 'Justin Wilkes', 'Sara Bernstein']",['Rory Kennedy']
77,Charli XCX: Alone Together,85,70,80,"['Documentary', 'Music']",,1h 10m,2021,"['Charli XCX', 'Huck Kwong', 'Sam Pringle', 'Twiggy Rowley', 'Bradley Bell']","['Bradley Bell', 'Pablo Jones Soler 2']"
78,Orca,9,33,17,['Horror'],PG,1h 32m,1977,"['Richard Harris', 'Charlotte Rampling', 'Will Sampson', 'Bo Derek', 'Keenan Wynn']",['1000390 Michael Anderson']
79,Control,71,16,52,"['Sci-Fi', 'Mystery & Thriller']",R,2h 9m,2022,"['Sara Mitich', 'George Tchortov', 'Evie Loiselle', 'Karen LeBlanc', 'James Mark']",['James Mark']
80,Day Shift,56,77,62,"['Action', 'Horror', 'Comedy']",R,1h 53m,2022,"['Jamie Foxx', 'Dave Franco', 'Snoop Dogg', 'Karla Souza', 'Meagan Good']",['Jj Perry']
81,Delia's Gone,31,83,48,"['Mystery & Thriller', 'Crime', 'Drama']",R,1h 30m,2022,"['Stephan James', 'Marisa Tomei', 'Paul Walter Hauser', 'Travis Fimmel', 'Genelle Williams']",['Robert Budreau']
82,The Second Age of Aquarius,100,80,93,"['Comedy', 'Fantasy', 'Sci-Fi']",,1h 22m,2022,"['Christina Jacquelyn Calph', 'Michael Ursu', 'Keeshan Giles', 'Martin Olson', 'Brooke Lewis Bellas']",['Staci Layne Wilson']
83,The Apology,50,40,46,"['Holiday', 'Mystery & Thriller']",,1h 31m,2022,"['Anna Gunn', 'Linus Roache', 'Janeane Garofalo', 'Holland Bailey', 'Esmé McSherry']",['Alison Locke']
84,Silent Tongue,38,46,40,['Western'],PG-13,1h 42m,1994,"['Alan Bates', 'Richard Harris', 'Dermot Mulroney', 'River Phoenix', 'Sheila Tousey']",['Sam Shepard']
85,Gateway,100,60,86,"['Horror', 'Mystery & Thriller']",,1h 20m,2021,"['Timmy Creed', 'Kevin Barry', 'Laurence Ubong Williams', 'Fiona Hardy', 'John Ryan Howard']",['Niall Owens']
86,Normal,0,46,15,['Drama'],R,1h 40m,2007,"['Carrie-Anne Moss', 'Kevin Zegers', 'Callum Keith Rennie', 'Lauren Lee Smith', 'Britt Irvin']",['Carl Bessai']
87,Spin Me Round,47,34,42,"['Romance', 'Comedy']",,1h 44m,2022,"['Alison Brie', 'Alessandro Nivola', 'Aubrey Plaza', 'Molly Shannon', 'Lil Rel Howery']",['Jeff Baena']
88,100 Years of Men in Love: The Accidental Collection,100,40,79,"['Documentary', 'History', 'LGBTQ+']",,57m,2022,"['Hugh Nini', 'Neal Treadwell', 'David Millbern', 'David Millbern', 'David Millbern']",['David Milbern']
89,The Rebellious Life of Mrs. Rosa Parks,100,100,99,"['Documentary', 'Biography', 'History']",,1h 36m,2022,"['LisaGay Hamilton', 'Rosa Parks', 'Bryan Stevenson', 'Patrisse Cullors', 'Ericka Huggins']","['Johanna Hamilton', 'Yoruba Richen']"
90,Affliction,88,72,82,['Drama'],R,1h 53m,1997,"['Nick Nolte', 'Sissy Spacek', 'James Coburn', 'Willem Dafoe', 'Mary Beth Hurt']",['Paul Schrader']
91,So Cold the River,58,42,52,"['Horror', 'Mystery & Thriller']",R,1h 35m,2022,"['Bethany Joy Lenz', 'Alysia Reiner', 'Katie Sarife', 'Andrew J. West', 'Deanna Dunagan']",['Paul Shoulberg']
92,The Other Me,45,77,55,['Mystery & Thriller'],,1h 39m,2022,"['Jim Sturgess', 'Andreja Pejić', 'Antonia Campbell-Hughes', 'Rhona Mitra', 'Orla Brady']",['Giga Agladze']
93,No Exit,62,52,58,"['Mystery & Thriller', 'Drama']",R,1h 35m,2022,"['Dale Dickey', 'Dennis Haysbert', 'Danny Ramirez', 'David Rysdahl', 'Mila Harris']",['Damien Power']
94,Minamata,78,92,82,['Drama'],R,1h 55m,2020,"['Johnny Depp', 'Hiroyuki Sanada', 'Jun Kunimura', 'Minami', 'Bill Nighy']",['Andrew Levitas']
95,Father of Flies,80,15,58,"['Horror', 'Mystery & Thriller']",,1h 18m,2021,"['Camilla Rutherford', 'Nicholas Tucci', 'Sandra Andreis', 'Davi Santos', 'Page Ruth']",['Ben Charles Edwards']
96,We're All Going to the World's Fair,90,27,69,"['Horror', 'Drama']",,1h 26m,2021,"['Anna Cobb', 'Michael J. Rogers', 'Jane Schoenbrun', 'Jane Schoenbrun', 'Sarah Winshall']",['Jane Schoenbrun 2']
97,Chickenhare and the Hamster of Darkness,60,74,64,"['Kids & Family', 'Adventure', 'Comedy', 'Animation']",,1h 31m,2022,"['Danny Fehsenfeld', 'Donte Paris', 'Joe Ochman', 'Ben Stassen', 'David Collard']",['Ben Stassen']
98,Our American Family,100,70,89,['Documentary'],,1h 28m,2021,"['Hallee Adelman', ""Sean King O'Grady"", 'Hallee Adelman', ""Sean King O'Grady"", 'Caroline Libresco']","['Hallee Adelman', 'Sean Ogrady']"
99,Metamorphosis,40,48,42,"['Horror', 'Mystery & Thriller']",,1h 53m,2019,"['Bae Seong-woo', 'Sung Dong-il', 'Jang Young-nam', 'Kim Hyejun', 'Jo Yi-hyun']",['Kim Hong Sun']
100,Blonde Venus,64,70,66,['Drama'],,1h 34m,1932,"['Marlene Dietrich', 'Herbert Marshall', 'Cary Grant', 'Dickie Moore', ""Robert Emmett O'Connor""]",['Joseph Von Sternberg']
101,Father of the Bride,80,52,70,"['Comedy', 'Drama', 'Romance']",PG-13,1h 58m,2022,"['Andy Garcia', 'Gloria Estefan', 'Adria Arjona', 'Diego Boneta', 'Pedro Damián']",['Gary Alazraki']
102,Look at Me: XXXTENTACION,92,90,91,"['Documentary', 'Music', 'Biography']",,2h 0m,2022,"['XXXTENTACION', 'Sabaah Folayan', 'Chloe Campion', 'Darcy McKinnon', 'Cleopatra Bernard']",['Sabaah Folayan']
103,Good Madam,86,36,69,['Horror'],,1h 32m,2021,"['Chumisa Cosa', 'Nosipho Mtebe', 'Kamvalethu Jonas Raziya', 'Sanda Shandu', 'Khanyiso Kenqa']",['Jenna Bass']
104,After Yang,90,70,83,"['Sci-Fi', 'Drama']",PG,1h 41m,2021,"['Colin Farrell', 'Jodie Turner-Smith', 'Justin H. Min', 'Malea Emma Tjandrawidjaja', 'Haley Lu Richardson']",['Kogonada']
105,The Tender Bar,51,69,57,"['Comedy', 'Drama']",R,1h 46m,2021,"['Ben Affleck', 'Tye Sheridan', 'Lily Rabe', 'Christopher Lloyd', 'Max Martini']",['George Clooney']
106,Mrs. Harris Goes to Paris,94,93,93,"['Comedy', 'Drama']",PG,1h 55m,2022,"['Lesley Manville', 'Isabelle Huppert', 'Jason Isaacs', 'Anna Chancellor', 'Lambert Wilson']",['Anthony Fabian']
107,Bullet Proof,33,58,41,"['Action', 'Mystery & Thriller']",R,1h 32m,2022,"['Vinnie Jones', 'Lina Lecompte', 'James Clayton', 'Janvier Katabarwa', 'Danny Mac']",['James Clayton 2']
108,Tall Girl 2,63,26,50,['Comedy'],PG,1h 37m,2022,"['Ava Michelle', 'Griffin Gluck', 'Steve Zahn', 'Angela Kinsey', 'Sabrina Carpenter']",['Emily Ting']
109,Lullaby,100,81,93,['Drama'],,1h 44m,2022,"['Laia Costa', 'Susi Sánchez', 'Ramón Barea', 'Mikel Bustamante', 'Alauda Ruiz De Azúa']",['Alauda Ruiz De Azua']
110,The In Between,64,78,68,"['Romance', 'Drama', 'Sci-Fi']",PG-13,1h 55m,2022,"['Joey King', 'Kyle Allen', 'Kim Dickens', ""Celeste O'Connor"", 'John Ortiz']",['Arie Posin']
111,God's Creatures,89,58,78,"['Mystery & Thriller', 'Drama']",R,1h 40m,2022,"['Emily Watson', 'Paul Mescal', 'Aisling Franciosi', 'Declan Conlon', ""Toni O'Rourke""]","['Saela Davis', 'Anna Rose Holmer']"
112,The Lost Girls,13,18,14,"['Fantasy', 'Drama']",,1h 47m,2022,"['Livia De Paolis', 'Joely Richardson', 'Vanessa Redgrave', 'Julian Ovenden', 'Parker Sawyers']",['Livia De Paolis']
113,Emergency Declaration,63,79,68,"['Action', 'Drama', 'Mystery & Thriller']",,2h 18m,2021,"['Song Kang-ho', 'Lee Byung-hun', 'Jeon Do-yeon', 'Kim Nam-gil', 'Im Si-wan']",['Han Jae Rim']
114,American Siege,8,91,35,"['Action', 'Mystery & Thriller']",R,1h 31m,2021,"['Bruce Willis', 'Rob Gough', 'Timothy V. Murphy', 'Johann Urb', 'Anna Hindman']",['Edward Drake']
115,Hawa,88,93,89,"['Kids & Family', 'Comedy', 'Drama']",,1h 44m,2022,"['Sania Halifa', 'Oumou Sangaré', 'Titouan Gerbier', 'Jérôme Pouly', 'Yseult']",['Maimouna Doucoure']
116,Weird: The Al Yankovic Story,84,80,82,"['Biography', 'Comedy', 'Music']",,1h 48m,2022,"['Daniel Radcliffe', 'Evan Rachel Wood', 'Rainn Wilson', 'Julianne Nicholson', 'Thomas Lennon']",['Eric Appel']
117,Spirit Halloween: The Movie,54,52,53,"['Kids & Family', 'Holiday', 'Fantasy', 'Adventure']",,1h 27m,2022,"['Christopher Lloyd', 'Rachael Leigh Cook', 'Donovan Colan', 'Marissa Reyes', 'Jaiden Smith']",['David Poag']
118,Snow Day,29,27,28,"['Kids & Family', 'Comedy']",PG,1h 29m,2000,"['Chris Elliott', 'Mark Webber', 'Jean Smart', 'Schuyler Fisk', 'Iggy Pop']",['Chris Koch']
119,The Stepfather,13,34,20,"['Mystery & Thriller', 'Horror']",PG-13,1h 41m,2009,"['Dylan Walsh', 'Sela Ward', 'Penn Badgley', 'Amber Heard', 'Jon Tenney']",['Nelson Mccormick']
120,Albatross,54,39,49,['Drama'],,1h 30m,2011,"['Felicity Jones', 'Jessica Brown Findlay', 'Sebastian Koch', 'Julia Ormond', 'Peter Vaughan']",['Niall Maccormick']
121,"I, Challenger",60,100,73,['Comedy'],,1h 38m,2021,"['James Duval', 'Coy Stewart', 'Tina Majorino', 'Margaret Cho', 'MC Lyte']",['Paul Boyd 6']
122,Do Revenge,84,78,82,"['Comedy', 'Mystery & Thriller']",,1h 58m,2022,"['Camila Mendes', 'Maya Hawke', 'Rish Shah', 'Austin Abrams', 'Talia Ryder']",['Jennifer Kaytin Robinson']
123,One Way,53,64,56,"['Action', 'Mystery & Thriller']",R,1h 36m,2022,"['Machine Gun Kelly', 'Storm Reid', 'Drea de Matteo', 'Luis Da Silva Jr.', 'Meagan Holder']",['Andrew Baird']
124,The Fabulous Filipino Brothers,88,88,88,"['Romance', 'Comedy', 'Drama']",,1h 39m,2021,"['Dante Basco', 'Liza Lapira', 'Dionysio Basco', 'Darion Basco', 'Derek Basco']",['Dante Basco']
125,Night's End,45,19,36,['Horror'],,1h 21m,2022,"['Geno Walker', 'Kate Arrington', 'Michael Shannon', 'Daniel Kyri', 'Theo Germaine']",['Jennifer Reeder']
126,Guillermo del Toro's Pinocchio,96,90,94,"['Musical', 'Fantasy', 'Animation']",PG,1h 57m,2022,"['Gregory Mann', 'Ewan McGregor', 'David Bradley', 'Tilda Swinton', 'Cate Blanchett']","['Guillermo Del Toro', 'Mark Gustafson']"
127,The Sky is Everywhere,66,58,63,['Drama'],PG-13,1h 43m,2022,"['Grace Kaufman', 'Pico Alexander', 'Jason Segel', 'Cherry Jones', 'Jacques Colimon']",['Josephine Decker']
128,Meet Cute,59,61,59,"['Comedy', 'Romance', 'Sci-Fi']",,1h 29m,2022,"['Kaley Cuoco', 'Pete Davidson', 'Kevin Corrigan', 'Deborah S. Craig', 'Rock Kohli']",['Alexandre Lehmann']
129,Heathers: The Musical,71,91,77,"['Comedy', 'Musical']",,Comedy/Musical,2022,"['Ailsa Davidson', 'Simon Gordon', 'Maddison Firth', 'Vivian Panka', 'Mhairi Angus']",['Andy Fickman']
130,Love in the Villa,32,52,38,"['Romance', 'Comedy']",,1h 55m,2022,"['Kat Graham', 'Tom Hopper', 'Raymond Ablack', 'Laura Hopper', 'Sean Amsing']",['Mark Steven Johnson']
131,Rogue Agent,73,68,71,"['Crime', 'Drama', 'Mystery & Thriller']",,1h 56m,2022,"['James Norton', 'Gemma Arterton', 'Marisa Abela', 'Shazad Latif', 'Sarah Goldberg']","['Adam Patterson', 'Declan Lawn']"
132,Baby Geniuses,2,25,9,"['Kids & Family', 'Comedy']",PG,1h 34m,1999,"['Kathleen Turner', 'Christopher Lloyd', 'Kim Cattrall', 'Peter MacNicol', 'Dom DeLuise']",['Bob Clark']
133,Black Adam,38,88,54,"['Action', 'Adventure', 'Fantasy']",PG-13,2h 5m,2022,"['Dwayne Johnson', 'Aldis Hodge', 'Noah Centineo', 'Sarah Shahi', 'Marwan Kenzari']",['Jaume Collet Sera']
134,Ali,68,65,67,"['Biography', 'History', 'Drama']",R,2h 38m,2001,"['Will Smith', 'Jamie Foxx', 'Jon Voight', 'Mario Van Peebles', 'Ron Silver']",['Michael Mann']
135,Tiger 24,100,96,98,['Documentary'],,1h 30m,2022,"['Warren Pereira', 'Warren Pereira', 'Warren Pereira', 'Howard Barish', 'Zach Mann']",['Warren Pereira']
136,The First Wave,97,84,92,['Documentary'],R,1h 33m,2021,"['Nathalie Dougé', 'Matthew Heineman', 'Matthew Heineman', 'Jenna Millman', 'Leslie Norville']",['Matthew Heineman']
137,Transformers: Rise of the Beasts,52,91,65,"['Action', 'Adventure', 'Sci-Fi', 'Fantasy']",PG-13,2h 7m,2023,"['Anthony Ramos', 'Dominique Fishback', 'Ron Perlman', 'Michelle Yeoh', 'Pete Davidson']",['Steven Caple Jr']
138,Hollywood Stargirl,100,74,91,"['Kids & Family', 'Romance', 'Drama', 'Comedy']",PG,1h 43m,2022,"['Grace VanderWaal', 'Judy Greer', 'Elijah Richardson', 'Tyrel Jackson Williams', 'Judd Hirsch']",['Julia Hart']
139,Me Time,7,32,15,['Comedy'],R,1h 44m,2022,"['Kevin Hart', 'Mark Wahlberg', 'Regina Hall', 'Jimmy O. Yang', 'Luis Gerardo Méndez']",['John Hamburg']
140,Wifelike,13,58,28,"['Sci-Fi', 'Mystery & Thriller']",R,1h 46m,2022,"['Jonathan Rhys-Meyers', 'Elena Kampouris', 'Doron Bell', 'Agam Darshi', 'Sara Sampaio']",['James Bird']
141,El Cid,93,78,88,"['History', 'Drama']",,3h 4m,1961,"['Charlton Heston', 'Sophia Loren', 'Raf Vallone', 'Geneviève Page', 'John Fraser']",['Anthony Mann']
142,The Wayward Cloud,79,70,76,"['Comedy', 'Drama', 'Musical']",,1h 52m,2005,"['Lee Kang-sheng', 'Shiang-chyi Chen', 'Yi-Ching Lu', 'Ming-liang Tsai', 'Ming-liang Tsai']",['771484376']
143,Private Property,13,21,15,"['Mystery & Thriller', 'Drama']",R,1h 27m,2022,"['Ashley Benson', 'Shiloh Fernandez', 'Logan Miller', 'Frank Whaley', 'Jay Pharoah']",['Chadd Harbold']
144,All Jacked Up and Full of Worms,61,40,54,['Horror'],,1h 11m,2022,"['Phillip Andre Botello', 'Sammy Arechar', 'Betsey Brown', 'Trevor Dawkins', 'Noah Lepawsky']",['Alex Phillips 6']
145,We Feed People,100,83,94,['Documentary'],,1h 27m,2022,"['José Andrés', 'Ron Howard', 'Sara Bernstein', 'Brian Grazer', 'Ron Howard']",['Ron Howard']
146,The Runner,31,86,49,['Mystery & Thriller'],R,1h 42m,2021,"['Elisabeth Röhm', 'Eric Balfour', 'Jessica Amlee', 'Nadji Jeter', 'Kerri Medders']",['Michelle Danner']
147,Monstrous,54,67,58,"['Horror', 'Mystery & Thriller']",PG-13,1h 29m,2022,"['Christina Ricci', 'Santino Barnard', 'Colleen Camp', 'Don Baldaramos', 'Nick Vallelonga']",['Chris Sivertson']
148,The Sound of Violet,14,83,37,"['Romance', 'Comedy', 'Drama']",PG-13,1h 47m,2022,"['Cason Thomas', 'Cora Cleary', ""Jan D'Arcy"", 'Michael E. Bell', 'Kaelon Christopher']",['Allen Wolf']
149,"Bright Lights, Big City",60,38,52,['Drama'],R,1h 50m,1988,"['Michael J. Fox', 'Kiefer Sutherland', 'Phoebe Cates', 'Swoosie Kurtz', 'Frances Sternhagen']",['James Bridges']
150,Dave Chappelle's Block Party,92,74,86,"['Documentary', 'Comedy', 'Music']",R,1h 43m,2005,"['Dave Chappelle', 'Michel Gondry', 'Dave Chappelle', 'Dave Chappelle', 'Bob Yari']",['Michel Gondry']
151,No Man of God,80,63,74,"['Crime', 'Drama', 'Mystery & Thriller']",,1h 40m,2021,"['Elijah Wood', 'Luke Kirby', 'Aleksa Palladino', 'Robert Patrick', 'Christian Clemenson']",['Amber Rose Sealey']
152,The Infernal Machine,44,62,50,"['Mystery & Thriller', 'Drama']",R,1h 52m,2022,"['Guy Pearce', 'Alice Eve', 'Jeremy Davies', 'Alex Pettyfer', 'Iris Cayatte']",['Andrew Hunt 4']
153,Something to Talk About,39,52,43,"['Comedy', 'Drama']",R,1h 46m,1995,"['Julia Roberts', 'Dennis Quaid', 'Robert Duvall', 'Gena Rowlands', 'Kyra Sedgwick']",['Lasse Hallstrom']
154,The Phantom of the Open,86,90,87,"['Comedy', 'Drama']",PG-13,1h 46m,2021,"['Mark Rylance', 'Sally Hawkins', 'Rhys Ifans', 'Jake Davies', 'Christian Lees']",['Craig Roberts']
155,At the Devil's Door,43,21,35,['Horror'],,1h 33m,2013,"['Catalina Sandino Moreno', 'Naya Rivera', 'Ashley Rickards', 'Wyatt Russell', 'Ava Acres']",['Nicholas Mccarthy']
156,Sidney,90,83,87,['Documentary'],PG-13,1h 47m,2022,"['Denzel Washington', 'Halle Berry', 'Robert Redford', 'Lenny Kravitz', 'Barbra Streisand']",['Reggie Hudlin']
157,The Immaculate Room,28,67,41,"['Mystery & Thriller', 'Sci-Fi', 'Drama']",R,1h 28m,2022,"['Emile Hirsch', 'Kate Bosworth', 'Ashley Greene', 'M. Emmet Walsh', 'Alex Sgambati']",['Mukunda Michael Dewi']
158,Breaking the Sound Barrier,80,63,74,['Adventure'],,1h 55m,1952,"['Ralph Richardson', 'Ann Todd', 'Nigel Patrick', 'John Justin', 'Joseph Tomelty']",['David Lean']
159,WarHunt,19,87,41,"['Horror', 'Mystery & Thriller']",R,1h 33m,2022,"['Mickey Rourke', 'Robert Knepper', 'Jackson Rathbone', 'Josh Burdett', 'Anna Paliga']",['Mauro Borrelli']
160,Jane Fonda in Five Acts,97,90,94,"['Documentary', 'Biography']",,2h 13m,2018,"['Jane Fonda', 'Tom Hayden', 'Robert Redford', 'Lily Tomlin', 'Paula Weinstein']",['Susan Lacy']
161,Uncharted,40,90,56,"['Adventure', 'Action']",PG-13,1h 56m,2022,"['Tom Holland', 'Mark Wahlberg', 'Sophia Ali', 'Tati Gabrielle', 'Antonio Banderas']",['Ruben Fleischer']
162,Dangerous Game: The Legacy Murders,0,33,11,"['Mystery & Thriller', 'Drama']",R,1h 36m,2022,"['Jonathan Rhys-Meyers', 'Will Sasso', 'Jon Voight', 'Laura Mennell', 'Megan Charpentier']",['Sean Mcnamara']
163,The Requin,19,6,14,"['Mystery & Thriller', 'Adventure']",R,1h 29m,2022,"['Alicia Silverstone', 'James Tupper', ""Deirdre O'Connell"", 'Danny Chung', 'Jennifer Mudge']",['Le Van Kiet']
164,Lamborghini: The Man Behind the Legend,6,59,23,"['Biography', 'Drama']",R,1h 37m,2022,"['Frank Grillo', 'Gabriel Byrne', 'Mira Sorvino', 'Fortunato Cerlino', 'Romano Reggiani']",['Robert Moresco']
165,Texas Chainsaw Massacre,31,25,28,"['Horror', 'Mystery & Thriller']",R,1h 23m,2022,"['Sarah Yarkin', 'Elsie Fisher', 'Mark Burnham', 'Jacob Latimore', 'Moe Dunford']",['David Blue Garcia']
166,Emancipation,45,59,49,"['History', 'Drama', 'Mystery & Thriller']",R,2h 12m,2022,"['Will Smith', 'Ben Foster', 'Charmaine Bingwa', 'Gilbert Owuor', 'Mustafa Shakir']",['Antoine Fuqua']
167,The Bugs Bunny/Road Runner Movie,100,88,95,"['Kids & Family', 'Comedy', 'Animation']",G,1h 38m,1979,"['Mel Blanc', 'Arthur Q. Bryan', 'Paul Julian', 'Nicolai Shutorov', 'Chuck Jones']","['Charles M Jones', 'Phil Monroe']"
168,Tyler Perry's A Madea Homecoming,36,77,49,['Comedy'],,1h 47m,2022,"['Tyler Perry', 'Cassi Davis', 'Brandon Black', 'Isha Blakker', 'Gabrielle Dennis']",['Tyler Perry']
169,The Last Manhunt,18,87,41,"['Western', 'Action']",R,1h 43m,2022,"['Jason Momoa', 'Martin Sensmeier', 'Mainei Kinimaka', 'Mojean Aria', 'Charlie Brumbly']",['Christian Camargo']
170,Deadstream,91,76,86,"['Horror', 'Comedy']",,1h 27m,2022,"['Joseph Winter', 'Melanie Stone', 'Jason K. Wixom', 'Pat Barnett', 'Marty Collins']","['Joseph Winter', 'Vanessa Winter']"
171,Hypochondriac,84,54,74,"['Horror', 'Mystery & Thriller', 'LGBTQ+']",,1h 36m,2022,"['Zach Villa', 'Devon Graye', 'Paget Brewster', 'Marlene Forte', 'Madeline Zima']",['Addison Heimann']
172,Tales From the Darkside: The Movie,46,44,45,['Horror'],R,1h 33m,1990,"['Deborah Harry', 'Christian Slater', 'David Johansen', 'William Hickey', 'James Remar']",['John Harrison 2']
173,Hellraiser,67,58,64,"['Horror', 'Mystery & Thriller']",R,2h 1m,2022,"['Jamie Clayton', 'Goran Visnjic', ""Odessa A'zion"", 'Hiam Abbass', 'Brandon Flynn']",['David Bruckner 2']
174,"Anne at 13,000 ft",89,50,76,['Drama'],,1h 15m,2019,"['Deragh Campbell', 'Matt Johnson', 'Dorothea Paas', 'Lawrene Denkers', 'Kazik Radwanski']",['Kazik Radwanski']
175,The Banshees of Inisherin,96,75,89,['Comedy'],R,1h 49m,2022,"['Colin Farrell', 'Brendan Gleeson', 'Kerry Condon', 'Barry Keoghan', 'Pat Shortt']",['770694539']
176,Gone in the Night,45,22,37,"['Drama', 'Mystery & Thriller']",,1h 30m,2022,"['Winona Ryder', 'Dermot Mulroney', 'John Gallagher Jr.', 'Owen Teague', 'Brianne Tju']",['Eli Horowitz']
177,If These Walls Could Sing,95,91,93,"['Documentary', 'Music']",TV14,1h 26m,2022,"['Elton John', 'George Martin', 'The Beatles', 'Mary McCartney', 'John Battsek']",['Mary Mccartney']
178,Fresh Hell,100,71,90,"['Horror', 'Comedy']",,1h 19m,2021,"['Lanise Antoine Shelley', 'Ryan Imhoff', 'Will Mobley', 'Rob Fagin', 'Crystal Kim']","['Ryan Imhoff', 'Matt Neal']"
179,"Hunt Her, Kill Her",54,88,65,"['Horror', 'Mystery & Thriller']",,1h 29m,2022,"['Natalie Terrazzino', 'JC Oakley III', 'Larry Bunton', 'Trevor Tucker', 'Philip Zimny']","['Greg Swinson 4', 'Ryan Thiessen 4']"
180,Look Both Ways,62,71,65,"['Comedy', 'Drama', 'Romance']",,1h 50m,2022,"['Lili Reinhart', 'Danny Ramirez', 'David Corenswet', 'Aisha Dee', 'Andrea Savage']",['Wanuri Kahiu']
181,There Are No Saints,26,33,28,"['Action', 'Mystery & Thriller', 'Crime']",R,1h 45m,2022,"['José María Yazpik', 'Paz Vega', 'Ron Perlman', 'Tim Roth', 'Shannyn Sossamon']",['Alfonso Pineda Ulloa']
182,Poker Face,9,35,17,['Mystery & Thriller'],,1h 35m,2022,"['Russell Crowe', 'Liam Hemsworth', 'RZA', 'Elsa Pataky', 'Brooke Satchwell']",['Russell Crowe']
183,A Cops and Robbers Story,71,100,80,"['Documentary', 'Biography']",,1h 24m,2020,"['Corey Pegues', 'Sean Grayson Fredericks', 'Raymond Lorenzo New', 'William P. Easter', 'June George Bell']",['Ilinca Calugareanu']
184,Lou,67,61,65,"['Crime', 'Drama']",R,1h 47m,2022,"['Allison Janney', 'Jurnee Smollett', 'Logan Marshall-Green', 'Greyston Holt', 'Matt Craven']",['Anna Foerster']
185,Night at the Museum: Kahmunrah Rises Again,71,33,58,"['Kids & Family', 'Fantasy', 'Comedy', 'Adventure', 'Animation']",PG,1h 17m,2022,"['Joshua Bassett', 'Joseph Kamal', 'Thomas Lennon', 'Akmal Saleh', 'Steve Zahn']","['Matt Danner', 'Justin Lovell']"
186,See for Me,81,58,73,"['Mystery & Thriller', 'Crime', 'Drama']",,1h 33m,2021,"['Skyler Davenport', 'Laura Vandervoort', 'Kim Coates', 'Jessica Parker Kennedy', 'Emily Piggford']",['Randall Okita']
187,"Hello, Goodbye, and Everything in Between",29,33,30,"['Romance', 'Comedy']",,1h 22m,2022,"['Talia Ryder', 'Jordan Fisher', 'Jennifer Robertson', 'Nico Hiraga', 'Sarah Grey']",['Michael Lewen']
188,Redeeming Love,11,95,39,"['Romance', 'History', 'Drama']",PG-13,2h 14m,2022,"['Abigail Cowen', 'Tom Lewis', 'Logan Marshall-Green', 'Famke Janssen', 'Eric Dane']",['Dj Caruso']
189,Glasshouse,82,58,74,"['Drama', 'Mystery & Thriller', 'Sci-Fi']",,1h 34m,2021,"['Jessica Alexander', 'Anja Taljaard', 'Hilton Pelser', 'Adrienne Pearce', 'Brent Vermeulen']",['Kelsey Egan']
190,The Changed,82,80,81,"['Horror', 'Sci-Fi', 'Mystery & Thriller']",,1h 17m,2021,"['Tony Todd', 'Clare Foley', 'Jason Alan Smith', 'Carlee Avers', 'Doug Tompos']",['Michael Mongillo']
191,Unplugging,14,29,19,"['Comedy', 'Romance']",R,1h 34m,2022,"['Eva Longoria', 'Matt Walsh', 'Nicole Byer', 'Lea Thompson', 'Keith David']",['Debra Neil Fisher']
192,The Mystery of Marilyn Monroe: The Unheard Tapes,36,27,33,"['Biography', 'Documentary']",,1h 40m,2022,"['Emma Cooper', 'Emma Cooper', 'Chris Smith', 'Geoffrey Sentamu', 'Gregor Lyon']",['Emma Cooper 2']
193,Agent Game,21,72,38,"['Action', 'Mystery & Thriller']",R,1h 30m,2022,"['Mel Gibson', 'Adan Canto', 'Jason Isaacs', 'Katie Cassidy', 'Dermot Mulroney']",['Grant S Johnson']
194,Avarice,80,82,80,"['Action', 'Mystery & Thriller']",,1h 29m,2022,"['Gillian Alexy', 'Luke Ford', 'Campbell Greenock', 'Ryan Panizza', 'Alexandra Nell']",['John V Soto']
195,Kimi,92,59,81,['Mystery & Thriller'],R,1h 29m,2022,"['Zoë Kravitz', 'Byron Bowers', 'Rita Wilson', 'Robin Givens', 'India de Beaufort']",['Steven Soderbergh']
196,Tony Hawk: Until the Wheels Fall Off,96,90,94,"['Biography', 'Documentary']",,2h 15m,2022,"['Tony Hawk', 'Stacy Peralta', 'Rodney Mullen', 'Mike McGill', 'Lance Mountain']",['Sam Jones 5']
197,Operation Seawolf,33,19,28,"['War', 'Drama', 'Action']",,1h 26m,2022,"['Dolph Lundgren', 'Frank Grillo', 'Hiram A. Murray', 'Andrew Stecker', 'Apostolos Gliarmis']",['Steven Luke']
198,Home Team,21,63,35,['Comedy'],PG,1h 35m,2022,"['Kevin James', 'Taylor Lautner', 'Rob Schneider', 'Tait Blum', 'Jackie Sandler']","['Charles Francis Kinnane', 'Daniel Kinnane 2']"
199,Homebound,70,24,54,"['Mystery & Thriller', 'Horror']",,1h 11m,2021,"['Aisling Loftus', 'Tom Goodman-Hill', 'Hattie Gotobed', 'Raffiella Chapman', 'Lukas Rolfe']",['Sebastian Godwin']
200,Mad Heidi,87,96,90,"['Action', 'Adventure', 'Comedy', 'Horror']",,1h 32m,2022,"['Alice Lucy', 'Max Rüdlinger', 'Casper Van Dien', 'David Schofield', 'Kel Matsena']","['Johannes Hartmann', 'Sandro Klopfstein']"
201,Dashcam,89,62,80,['Mystery & Thriller'],,1h 28m,2021,"['Larry Fessenden', 'Zachary Booth', 'Eric Tabach', 'Noa Fisher', 'Giullian Yao Gioiello']",['Christian Nilsson']
202,Vengeance,81,86,82,"['Comedy', 'Mystery & Thriller', 'Drama', 'Horror']",R,1h 47m,2022,"['B.J. Novak', 'Issa Rae', 'Ashton Kutcher', 'Boyd Holbrook', 'J. Smith-Cameron']",['Bj Novak']
203,The Cellar,30,31,30,"['Horror', 'Mystery & Thriller']",,1h 24m,2022,"['Elisha Cuthbert', 'Eoin Macken', 'Abby Fitz', 'Dylan Fitzmaurice Brady', 'Tara Lee']",['Brendan Muldowney']
204,Stay on Board: The Leo Baker Story,100,80,93,"['Documentary', 'LGBTQ+']",,1h 13m,2022,"['Leo Baker', 'Melissa Bueno-Woerner', 'Alexis Sablone', 'Nicola Marsh', 'Giovanni Reda']","['Nicola Marsh', 'Giovanni Reda']"
205,Ted K,85,51,73,"['Biography', 'Drama', 'Action', 'Fantasy']",R,2h 0m,2021,"['Sharlto Copley', 'Drew Powell', 'Travis W. Bruyer', 'Wayne Pyle', 'Tahmus Rounds']",['Tony Stone 4']
206,A Gift From Bob,79,66,74,"['Holiday', 'Comedy', 'Drama']",,1h 32m,2021,"['Luke Treadaway', 'Anna Wilson-Jones', 'Tim Plester', 'Kristina Tonteri-Young', 'Daisy Badger']",['Charles Martin Smith']
207,The Waterdance,94,63,83,['Drama'],R,1h 46m,1992,"['Eric Stoltz', 'Helen Hunt', 'William Allen Young', 'James Roach', 'Elizabeth Peña']","['Neal Jimenez', 'Michael Steinberg']"
208,One Night at McCool's,33,39,35,['Comedy'],R,1h 33m,2001,"['Liv Tyler', 'Matt Dillon', 'John Goodman', 'Paul Reiser', 'Michael Douglas']",['Harald Zwart']
209,Blind Spot,80,50,70,['Mystery & Thriller'],,1h 13m,1947,"['Chester Morris', 'Constance Dowling', 'Steven Geray', 'Sid Tomack', 'James Bell']",['1006019 Robert Gordon']
210,Help,45,99,63,"['Mystery & Thriller', 'Drama']",,1h 36m,2021,"['Emily Redpath', 'Sarah Alexandra Marks', 'Louis James', 'Blake Ridder', 'Duncan James']",['Blake Ridder']
211,Choose or Die,33,48,38,"['Horror', 'Mystery & Thriller']",,1h 25m,2022,"['Iola Evans', 'Asa Butterfield', 'Eddie Marsan', 'Robert Englund', 'Angela Griffin']",['Toby Meakins']
212,The Girl on the Train,9,21,13,['Mystery & Thriller'],,2h 0m,2020,"['Parineeti Chopra', 'Hiten Patel', 'Aditi Rao Hydari', 'Kirti Kulhari', 'Natasha Benton']",['Ribhu Dasgupta']
213,Student Body,43,38,41,"['Horror', 'Mystery & Thriller']",,1h 28m,2022,"['Montse Hernandez', 'Christian Camargo', 'Cheyenne Haynes', 'Anthony Keyvan', 'Harley Quinn Smith']",['Lee Ann Kurr']
214,Master of Light,100,73,90,['Documentary'],,1h 23m,2022,"['George Anthony Morton', 'Rosa Boesten', 'Roger Ross Williams', 'Anousha Nzume', 'Ilja Roomans']",['Rosa Boesten']
215,The Dinner Party,40,78,52,['Horror'],,1h 55m,2021,"['Bill Sage', 'Jeremy London', 'Ritchie Montgomery', 'Miles Doleac', 'Sherri Eakin']",['Miles Doleac']
216,The Last Kingdom: Seven Kings Must Die,82,71,78,"['Action', 'History', 'Drama']",,2h 0m,2023,"['Alexander Dreymon', 'Mark Rowley', 'Arnas Fedaravicius', 'Rod Hallett', 'Harry Gilby']",['Edward Bazalgette']
217,The Independent,35,75,48,"['Mystery & Thriller', 'Drama']",R,1h 48m,2022,"['Jodie Turner-Smith', 'Brian Cox', 'Luke Kirby', 'Ann Dowd', 'John Cena']",['Amy Rice']
218,He's Watching,90,52,77,['Horror'],,1h 35m,2022,"['Iris Serena Estes', 'Lucas Steel Estes', 'Lonny Ross', 'Susannah Rogers', 'Shawn Michael Howard']",['Jacob Estes']
219,Adopting Audrey,79,82,80,['Drama'],,1h 32m,2021,"['Jena Malone', 'Robert Hunger-Bühler', 'Emily Kuroda', 'Will Rogers', 'Brooke Bloom']",['M Cahill']
220,The Inspection,89,91,89,"['Drama', 'LGBTQ+']",R,1h 34m,2022,"['Jeremy Pope', 'Raúl Castillo', 'McCaul Lombardi', 'Aaron Dominguez', 'Bokeem Woodbine']",['Elegance Bratton']
221,Christmas Bloody Christmas,77,43,65,"['Holiday', 'Horror', 'Mystery & Thriller']",,1h 27m,2022,"['Riley Dandy', 'Sam Delich', 'Jonah Ray', 'Dora Madison', 'Jeremy Gardner']",['Joe Begos']
222,The Reef: Stalked,68,63,66,"['Mystery & Thriller', 'Drama']",,1h 33m,2022,"['Teressa Liane', 'Ann Truong', 'Saskia Archer', 'Kate Lister', 'Bridget Burt']",['Andrew Traucki']
223,Infrared,50,38,45,['Horror'],,1h 28m,2022,"['Greg Sestero', 'Leah Finity', 'Jesse Janzen', 'Lori Richardson', 'Ariel Ryan']","['Robert Livings', 'Randy Nundlall Jr 2']"
224,The Royal Hotel,92,42,75,"['Mystery & Thriller', 'Drama']",R,1h 31m,2023,"['Jessica Henwick', 'Julia Garner', 'Hugo Weaving', 'James Frecheville', 'Toby Wallace']",['Kitty Green']
225,The Youth Governor,80,100,86,['Documentary'],,1h 28m,2022,"['Piper Samuels', 'Bayo Collins', 'Aidan Blain', 'Matthew Halmy', 'Jaron Halmy']","['Matthew Halmy', 'Jaron Halmy']"
226,Cha Cha Real Smooth,85,61,77,"['Comedy', 'Drama']",R,1h 47m,2022,"['Cooper Raiff', 'Dakota Johnson', 'Vanessa Burghardt', 'Evan Assante', 'Leslie Mann']",['Cooper Raiff']
227,The Cave,0,45,15,"['Adventure', 'Drama', 'Mystery & Thriller']",PG-13,1h 44m,2019,"['Jim Warny', 'Ekawat Niratvorapanya', 'Lawrence de Stefano', 'Ron Smoorenburg', 'Kelly B. Jones']",['Tom Waller']
228,Marry Me,61,92,71,"['Romance', 'Comedy']",PG-13,1h 52m,2022,"['Jennifer Lopez', 'Owen Wilson', 'Chloe Coleman', 'Maluma', 'Sarah Silverman']",['Katherine Cunningham Eves']
229,The Royal Treatment,33,36,34,"['Romance', 'Comedy']",,1h 36m,2022,"['Laura Marano', 'Mena Massoud', 'Chelsie Preston Crayford', 'Peter Chin', 'Julie Edwards']",['Rick Jacobson']
230,Mindcage,20,67,35,"['Mystery & Thriller', 'Crime', 'Drama']",R,1h 36m,2022,"['Martin Lawrence', 'Melissa Roxburgh', 'John Malkovich', 'Robert Knepper', 'Jacob Grodnik']",['Mauro Borrelli']
231,Master,75,37,62,"['Horror', 'Mystery & Thriller', 'Drama']",R,1h 31m,2022,"['Regina Hall', 'Zoe Renee', 'Talia Ryder', 'Talia Balsam', 'Amber Gray']",['Mariama Diallo']
232,Juniper,92,79,87,['Drama'],,1h 34m,2021,"['Charlotte Rampling', 'Marton Csokas', 'George Ferrier', 'Edith Poor', 'Cameron Carter-Chan']",['Matthew J Saville']
233,All I Want for Christmas,7,59,24,"['Kids & Family', 'Holiday', 'Comedy']",G,1h 32m,1991,"['Ethan Embry', 'Thora Birch', 'Harley Jane Kozak', 'Jamey Sheridan', 'Lauren Bacall']",['Robert Lieberman']
234,Expired,33,77,47,"['Sci-Fi', 'Mystery & Thriller']",R,1h 42m,2022,"['Ryan Kwanten', 'Hugo Weaving', 'Jillian Nguyen', 'Keiichi Enomoto', 'Bianca Wallace']",['Ivan Sen']
235,Diary of a Wimpy Kid: Rodrick Rules,50,52,50,"['Kids & Family', 'Comedy', 'Adventure', 'Drama', 'Animation']",PG,1h 40m,2022,"['Brady Noon', 'Ethan William Childress', 'Ed Asner', 'Chris Diamantopoulos', 'Erica Cerra']",['Luke Cormican']
236,Catherine Called Birdy,88,65,80,"['Adventure', 'Comedy', 'Drama']",PG-13,1h 48m,2022,"['Bella Ramsey', 'Lesley Sharp', 'Andrew Scott', 'Billie Piper', 'Joe Alwyn']",['Lena Dunham']
237,Notebook,22,90,44,"['Romance', 'Drama']",,1h 53m,2019,"['Zaheer Iqbal', 'Pranutan Bahl', 'Mir Sarwar', 'Nitin Kakkar', 'Darab Farooqi']",['Nitin Kakkar']
238,The Princess,85,71,80,"['Documentary', 'Biography']",TVPG,1h 40m,2022,"['Ed Perkins', 'Jonathan Chinn', 'Simon Chinn', 'Nancy Abraham', 'Will Clarke']",['Ed Perkins']
239,Secret Headquarters,45,43,44,"['Kids & Family', 'Action', 'Adventure', 'Comedy', 'Sci-Fi']",PG,1h 44m,2022,"['Owen Wilson', 'Walker Scobell', 'Jesse Williams', 'Keith L. Williams', 'Momona Tamada']","['Henry Joost', 'Ariel Schulman']"
240,Bill Burr: Live at Red Rocks,67,89,74,"['Comedy', 'Stand-Up']",TVMA,1h 22m,2022,"['Bill Burr', 'Mike Binder']",['Mike Binder']
241,Turbo Cola,86,83,85,"['Holiday', 'Comedy']",,1h 35m,2022,"['Nicholas Stoesser', 'Jared Spears', 'Jordyn Denning', 'Landon Tavernier', 'Brooke Maroon']",['Luke Covert']
242,The Englishman Who Went Up a Hill but Came Down a Mountain,67,55,63,"['Comedy', 'Drama']",PG,1h 39m,1995,"['Hugh Grant', 'Tara Fitzgerald', 'Colm Meaney', 'Ian McNeice', 'Ian Hart']",['Christopher Monger']
243,I Have Never Forgotten You: The Life & Legacy of Simon Wiesenthal,80,87,82,['Documentary'],PG-13,1h 45m,2007,"['Nicole Kidman', 'Richard Trank', 'Richard Trank', 'Marvin Hier', 'Richard Trank']",['Richard Trank']
244,Retrograde,93,92,92,"['Documentary', 'War']",R,1h 36m,2022,"['Sami Sadat', 'Matthew Heineman', 'Matthew Heineman', 'Caitlin McNally', 'Baktash Ahadi']",['Matthew Heineman']
245,Deep Water,35,24,31,"['Mystery & Thriller', 'Drama']",R,1h 56m,2022,"['Ben Affleck', 'Ana de Armas', 'Tracy Letts', 'Lil Rel Howery', 'Dash Mihok']",['Adrian Lyne']
246,Wedding Season,88,67,81,"['Romance', 'Comedy']",,1h 37m,2022,"['Pallavi Sharda', 'Suraj Sharma', 'Rizwan Manji', 'Sean Kleier', 'Veena Sood']",['Tom Dey']
247,"Au Revoir, les enfants",97,93,95,['Drama'],PG,1h 44m,1987,"['Gaspard Manesse', 'Raphael Fejto', 'Francine Racette', 'Stanislas Carré de Malberg', 'Philippe Morier-Genoud']",['Louis Malle']
248,Rise,91,84,88,"['Biography', 'Drama']",PG,1h 53m,2022,"['Dayo Okeniyi', 'Yetide Badaki', 'Uche Agada', 'Manish Dayal', 'Taylor Nichols']",['Akin Omotoso']
249,Hansel & Gretel Get Baked,71,32,57,"['Comedy', 'Horror']",,1h 27m,2013,"['Molly C. Quinn', 'Lara Flynn Boyle', 'Lochlyn Munro', 'Michael Welch', 'Andrew James Allen']",['Duane Journey']
250,Rosaline,74,77,75,"['Romance', 'Comedy']",PG-13,1h 37m,2022,"['Kaitlyn Dever', 'Bradley Whitford', 'Isabela Merced', 'Minnie Driver', 'Christopher McDonald']",['Karen Maine']
251,Stowaway,76,45,65,"['Sci-Fi', 'Drama', 'Mystery & Thriller']",,1h 56m,2021,"['Anna Kendrick', 'Daniel Dae Kim', 'Toni Collette', 'Shamier Anderson', 'Dan Barry']",['Joe Penna']
252,Unconformity,100,62,87,['Drama'],,1h 25m,2021,"['Jack Mulhern', 'Drew Gehling', 'Jeremy Holm', 'Eddie Martinez', 'Ben Baur']",['Jonathan Dimaio']
253,Nightmare Alley,80,68,76,"['Mystery & Thriller', 'Crime', 'Drama']",R,2h 30m,2021,"['Bradley Cooper', 'Rooney Mara', 'Cate Blanchett', 'Ron Perlman', 'Toni Collette']",['Guillermo Del Toro']
254,Polar Bear,74,67,71,"['Documentary', 'Kids & Family', 'Nature']",PG,1h 24m,2022,"['Catherine Keener', 'Alastair Fothergill', 'Jeff Wilson', 'David Fowler', 'Alastair Fothergill']","['Alastair Fothergill', 'Jeff Wilson 3']"
255,Blue's Big City Adventure,83,85,83,"['Kids & Family', 'Comedy', 'Musical', 'Adventure', 'Animation']",,1h 22m,2022,"['Steve Burns', 'Joshua Dela Cruz', 'Donovan Patton', 'Traci Paige Johnson', 'Brianna Bryan']",['Matt Stawski']
256,Shattered,19,69,35,['Mystery & Thriller'],R,1h 32m,2022,"['Cameron Monaghan', 'Frank Grillo', 'Lilly Krug', 'Sasha Luss', 'John Malkovich']",['Luis Prieto']
257,The Martha Mitchell Effect,100,71,90,['Documentary'],PG,40m,2022,"['Martha Mitchell', 'Anne Alvergue', 'Debra McClutchy', 'Beth Levison', 'Judith Mizrachy']","['Anne Alvergue 2', 'Debra Mcclutchy']"
258,Endangered,100,55,84,['Documentary'],,1h 30m,2022,"['Patricia Campos Mello', 'Carl Juste', 'Sáshenka Gutiérrez', 'Oliver Laughland', 'Heidi Ewing']","['Heidi Ewing', 'Rachel Grady']"
259,Small Town Wisconsin,83,88,84,"['Comedy', 'Drama']",,1h 49m,2020,"['David Sullivan', 'Bill Heck', 'Kristen Johnston', 'Tanya Fischer', 'Cooper J. Friedman']",['Niels Mueller']
260,Beast,69,77,71,"['Mystery & Thriller', 'Adventure', 'Drama', 'Horror']",R,1h 33m,2022,"['Idris Elba', 'Sharlto Copley', 'Iyana Halley', 'Leah Jeffries', 'Liyabuya Gongo']",['Baltasar Kormakur']
261,Section 8,31,30,30,['Action'],,1h 38m,2022,"['Ryan Kwanten', 'Dolph Lundgren', 'Dermot Mulroney', 'Scott Adkins', 'Mickey Rourke']",['Christian Sesma']
262,The Silent Twins,67,76,70,['Drama'],R,1h 52m,2022,"['Letitia Wright', 'Tamara Lawrance', 'Nadine Marshall', 'Amarah-Jae St. Aubyn', 'Declan Joyce']",['Agnieszka Smoczynska']
263,The Batman,85,87,85,"['Action', 'Adventure', 'Crime', 'Drama']",PG-13,2h 56m,2022,"['Robert Pattinson', 'Zoë Kravitz', 'Jeffrey Wright', 'Colin Farrell', 'Paul Dano']",['Matt Reeves']
264,Along for the Ride,56,85,65,"['Romance', 'Drama']",,1h 46m,2022,"['Emma Pasarow', 'Belmont Cameli', 'Andie MacDowell', 'Dermot Mulroney', 'Kate Bosworth']",['Sofia Alvarez 2']
265,My Son Hunter,67,88,74,"['Biography', 'Comedy', 'Drama']",,1h 35m,2022,"['Laurence Fox', 'John James', 'Gina Carano', 'Emma Gojkovic', 'Robert Davi']",['Robert Davi']
266,Samaritan,38,71,49,"['Action', 'Fantasy', 'Drama', 'Mystery & Thriller']",PG-13,1h 39m,2022,"['Sylvester Stallone', 'Javon ""Wanna"" Walton', 'Pilou Asbæk', 'Dascha Polanco', 'Sophia Tatum']",['Julius Avery']
267,Bad Influence,65,51,60,"['Mystery & Thriller', 'Drama']",R,1h 39m,1990,"['Rob Lowe', 'James Spader', 'Lisa Zane', 'Christian Clemenson', 'Kathleen Wilhoite']",['Curtis Hanson']
268,Rise of the Teenage Mutant Ninja Turtles: The Movie,79,94,84,"['Kids & Family', 'Comedy', 'Adventure', 'Animation']",,1h 22m,2022,"['Ben Schwartz', 'Omar Miller', 'Brandon Smith', 'Josh Brener', 'Eric Bauza']","['Ant Ward', 'Andy Suriano']"
269,Detective Knight: Rogue,67,79,71,"['Holiday', 'Action', 'Mystery & Thriller']",R,1h 45m,2022,"['Bruce Willis', 'Lochlyn Munro', 'Beau Mirchoff', 'Jimmy Jean-Louis', 'Michael Eklund']",['Edward Drake']
270,Everything Everywhere All at Once,94,86,91,"['Comedy', 'Adventure', 'Sci-Fi', 'Fantasy']",R,2h 12m,2022,"['Michelle Yeoh', 'Stephanie Hsu', 'Ke Huy Quan', 'James Hong', 'Jamie Lee Curtis']","['Daniel Kwan 2', 'Daniel Scheinert']"
271,Run Sweetheart Run,62,46,56,"['Horror', 'Mystery & Thriller']",R,1h 43m,2020,"['Ella Balinska', 'Pilou Asbæk', 'Shohreh Aghdashloo', 'Clark Gregg', 'Dayo Okeniyi']",['Shana Feste']
272,My Father's Dragon,87,71,81,"['Kids & Family', 'Adventure', 'Fantasy', 'Animation']",PG,1h 39m,2022,"['Gaten Matarazzo', 'Leighton Meester', 'Jackie Earle Haley', 'Golshifteh Farahani', 'Judy Greer']",['Nora Twomey 2']
273,The Good Neighbor,31,73,45,"['Mystery & Thriller', 'Drama', 'Action']",R,1h 46m,2021,"['Luke Kleintank', 'Jonathan Rhys-Meyers', 'Eloise Smyth', 'Bruce Davison', 'Stephan Rick']",['Stephan Rick']
274,Troubadours,64,86,71,"['Documentary', 'Biography']",,1h 41m,2011,"['James Taylor', 'Carole King', 'Lou Adler', 'Peter Asher', 'Jackson Browne']",['Morgan Neville']
275,Miss Conception,8,19,11,"['Romance', 'Comedy']",R,1h 34m,2008,"['Heather Graham', 'Mia Kirshner', 'Tom Ellis', 'Will Mellor', 'Orlando Seale']",['Eric Styles']
276,Rifkin's Festival,41,43,41,['Comedy'],PG-13,1h 32m,2020,"['Wallace Shawn', 'Gina Gershon', 'Elena Anaya', 'Louis Garrel', 'Christoph Waltz']",['Woody Allen']
277,All the Old Knives,64,45,57,['Mystery & Thriller'],R,1h 41m,2022,"['Chris Pine', 'Thandiwe Newton', 'Laurence Fishburne', 'Jonathan Pryce', 'Gala Gordon']",['Janus Metz']
278,The Good Life,33,52,39,['Drama'],R,1h 30m,2007,"['Mark Webber', 'Zooey Deschanel', 'Harry Dean Stanton', 'Bill Paxton', 'Chris Klein']",['Stephen Berra']
279,Tinker Bell and the Lost Treasure,100,73,90,"['Kids & Family', 'Fantasy', 'Adventure', 'Animation']",G,1h 16m,2009,"['Mae Whitman', 'Kristin Chenoweth', 'Lucy Liu', 'Pamela Adlon', 'Raven-Symoné']",['Klay Hall']
280,The Selfish Giant,98,81,92,['Drama'],,1h 31m,2013,"['Conner Chapman', 'Shaun Thomas', 'Sean Gilder', 'Steve Evets', 'Lorraine Ashbourne']",['Clio Barnard']
281,Sharp Stick,49,40,46,['Comedy'],R,1h 26m,2022,"['Kristine Froseth', 'Jon Bernthal', 'Luka Sabbat', 'Scott Speedman', 'Lena Dunham']",['Lena Dunham']
282,Battle for Saipan,33,84,50,"['War', 'History', 'Drama', 'Action']",R,1h 34m,2022,"['Casper Van Dien', 'Louis Mandylor', 'Jeff Fahey', 'Devanny Pinn', 'Jennifer Wenger']",['Undefined']
283,The Inhabitant,75,82,77,"['Horror', 'Mystery & Thriller']",R,1h 37m,2022,"[""Odessa A'zion"", 'Leslie Bibb', 'Dermot Mulroney', 'Lizze Broadway', 'Ryan Francis']",['Jerren Lauder']
284,Firestarter,11,47,23,"['Horror', 'Mystery & Thriller', 'Drama', 'Sci-Fi']",R,1h 34m,2022,"['Zac Efron', 'Ryan Kiera Armstrong', 'Sydney Lemmon', 'Kurtwood Smith', 'John Beasley']",['Keith Thomas']
285,Bluff,83,77,81,"['Crime', 'Drama', 'Mystery & Thriller']",,1h 55m,2022,"['Gurj Gill', 'Jason Adam', 'Nisaro Karim', 'James Jaysen Bryhan', 'Joe Egan']",['Sheikh Shahnawaz']
286,The Super Mario Bros. Movie,59,95,71,"['Kids & Family', 'Comedy', 'Adventure', 'Animation']",PG,1h 32m,2023,"['Chris Pratt', 'Anya Taylor-Joy', 'Charlie Day', 'Jack Black', 'Keegan-Michael Key']","['Aaron Horvath 2', 'Michael Jelenic']"
287,The Osiris Child,62,46,56,"['Sci-Fi', 'Action', 'Mystery & Thriller']",,1h 35m,2016,"['Kellan Lutz', 'Daniel MacPherson', 'Isabel Lucas', 'Rachel Griffiths', 'Temuera Morrison']",['Shane Abbess']
288,Bromates,0,39,13,['Comedy'],R,1h 34m,2022,"['Lil Rel Howery', 'Josh Brener', 'Taryn Manning', 'Rob Riggle', 'Snoop Dogg']",['Court Crandall']
289,Lotawana,100,69,89,"['Adventure', 'Romance', 'Drama']",,1h 37m,2022,"['Todd Blubaugh', 'Nicola Collie', 'Trevor Hawkins', 'Trevor Hawkins', 'Cori Jo Hawkins']",['Trevor Hawkins 2']
290,Dinner in America,91,87,89,"['Comedy', 'Drama']",,1h 46m,2020,"['Kyle Gallner', 'Emily Skeggs', 'Griffin Gluck', 'Pat Healy', 'Mary Lynn Rajskub']",['Undefined']
291,"The Boy, the Mole, the Fox and the Horse",78,74,76,"['Fantasy', 'Animation', 'Kids & Family']",TVG,32m,2022,"['Idris Elba', 'Tom Hollander', 'Gabriel Byrne', 'Jude Coward Nicoll', 'Peter Baynton']","['Peter Baynton', 'Charlie Mackesy']"
292,Catwoman: Hunted,78,52,69,"['Fantasy', 'Animation']",,1h 19m,2022,"['Elizabeth Gillies', 'Kirby Howell-Baptiste', 'Lauren Cohan', 'Stephanie Beatriz', 'Keith David']",['Shinsuke Terasawa']
293,Nanny,90,70,83,"['Horror', 'Mystery & Thriller']",R,1h 38m,2022,"['Anna Diop', 'Michelle Monaghan', 'Sinqua Walls', 'Morgan Spector', 'Rose Decker']",['Nikyatu Jusu']
294,The Lost City,79,83,80,"['Romance', 'Comedy', 'Adventure', 'Action']",PG-13,1h 52m,2022,"['Sandra Bullock', 'Channing Tatum', 'Daniel Radcliffe', ""Da'Vine Joy Randolph"", 'Oscar Nunez']","['1190474 Adam Nee', 'Aaron Nee']"
295,The Ledge,35,22,30,"['Mystery & Thriller', 'Adventure']",R,1h 26m,2022,"['Brittany Ashworth', 'Ben Lamb', 'Louis Boyer', 'Nathan Welsh', 'Anaïs Parello']",['Howardford']
296,The Survivor,86,77,83,"['Drama', 'Biography']",TVMA,2h 9m,2021,"['Ben Foster', 'Vicky Krieps', 'Billy Magnussen', 'Peter Sarsgaard', 'John Leguizamo']",['Barry Levinson']
297,Entergalactic,97,94,95,"['Music', 'Romance', 'Comedy', 'Animation']",,1h 32m,2022,"['Scott ""Kid Cudi"" Mescudi', 'Jessica Williams', 'Timothée Chalamet', 'Ty Dolla $ign', 'Laura Harrier']",['Fletcher Moules']
298,Interceptor,44,33,40,"['Action', 'Adventure', 'Drama']",R,1h 36m,2022,"['Elsa Pataky', 'Luke Bracey', 'Aaron Glenane', 'Mayen Mehta', 'Paul Caesar']",['Matt Reilly']
299,H.P. Lovecraft's Witch House,33,20,28,['Horror'],,1h 22m,2021,"['Portia Chellelynn', 'Andrea Collins', 'Julie Anne Prescott', 'Solon Tsangaras', 'Bobby Easley']",['Bobby Easley']
300,Hunted,56,48,53,"['Action', 'Mystery & Thriller']",R,1h 34m,2022,"['Samantha Bond', 'Malachi Pullar-Latchman', 'James Lance', 'Hannah Traylen', 'Nick Moran']",['Tommy Boulding']
301,West Side Story,92,93,92,"['Musical', 'Romance']",PG-13,2h 36m,2021,"['Ansel Elgort', 'Rachel Zegler', 'Ariana DeBose', 'David Alvarez', 'Mike Faist']",['Steve Spielberg']
302,Norman: The Moderate Rise and Tragic Fall of a New York Fixer,87,57,77,"['Comedy', 'Drama', 'Mystery & Thriller']",R,1h 58m,2016,"['Richard Gere', 'Lior Ashkenazi', 'Michael Sheen', 'Steve Buscemi', 'Charlotte Gainsbourg']",['Joseph Cedar']
303,Paul Taylor: Creative Domain,67,100,78,"['Documentary', 'Biography']",,1h 22m,2014,"['Kate Geis', 'Kate Geis', 'Robert Aberlin', 'Tom Hurwitz', 'Kate Geis']",['Kate Geis']
304,Mortal Kombat Legends: Snow Blind,80,87,82,"['Action', 'Adventure', 'Animation']",R,1h 22m,2022,"['Manny Jacinto', 'David Wenham', 'Patrick Seitz', 'Artt Butler', 'Debra Wilson']",['Rick Morales 2']
305,Let the Wrong One In,88,84,86,"['Horror', 'Comedy']",,1h 36m,2021,"['Karl Rice', 'Eoin Duffy', 'Anthony Head', 'Conor McMahon']",['Conor Mcmahon']
306,Belle Vie,100,100,99,['Documentary'],,1h 17m,2022,"['Vincent Samarco', 'Ornella Samarco', 'Cedric Nicolas', 'Marcus Mizelle', 'Marcus Mizelle']",['Marcus Mizelle']
307,Fading Petals,80,100,86,['Drama'],,1h 33m,2022,"['Charlotte Reidie', 'Melanie Revill', 'Tom Metcalf', 'Georgina Voaden', 'Bradley Charlton']",['Bradley Charlton']
308,"Hello, Bookstore",88,80,85,['Documentary'],,1h 26m,2022,"['Matthew Tannenbaum', 'A.B. Zax', 'A.B. Zax', 'Mark Franks', 'Melissa Nathan']",['Ab Zax']
309,Mama's Boy,86,84,85,"['Biography', 'Documentary']",,Biography/Documentary,2022,"['Dustin Lance Black', 'Rosanne Bische', 'Tom Daley', 'Paris Barclay', 'Chad Griffin']",['Laurent Bouzereau']
310,An Ideal Host,83,100,88,"['Horror', 'Comedy', 'Sci-Fi']",,1h 25m,2020,"['Nadia Collins', 'Evan Williams', 'Naomi Brockwell', 'St John Cowcher', 'Mary Soudi']",['Robert Woods']
311,American Carnage,58,78,64,"['Mystery & Thriller', 'Comedy']",R,1h 41m,2022,"['Jorge Lendeborg', 'Jenna Ortega', 'Allen Maldonado', 'Bella Ortiz', 'Jorge Diaz']",['Diego Hallivis']
312,X,94,75,87,"['Horror', 'Mystery & Thriller']",R,1h 45m,2022,"['Mia Goth', 'Jenna Ortega', 'Martin Henderson', 'Brittany Snow', 'Owen Campbell']",['Ti West']
313,The Forgiven,68,57,64,['Drama'],R,1h 57m,2021,"['Ralph Fiennes', 'Jessica Chastain', 'Matt Smith', 'Ismael Kanater', 'Caleb Landry Jones']",['John Michael Mcdonagh']
314,Justice Society: World War II,76,72,74,"['Action', 'Adventure', 'Animation']",PG-13,1h 24m,2021,"['Matt Bomer', 'Stana Katic', 'Matthew Mercer', 'Omid Abtahi', 'Chris Diamantopoulos']",['Jeff Wamester']
315,King Richard,90,98,92,"['Biography', 'Drama']",PG-13,2h 26m,2021,"['Will Smith', 'Aunjanue Ellis-Taylor', 'Jon Bernthal', 'Saniyya Sidney', 'Demi Singleton']",['Reinaldo Marcus Green 2']
316,Hail to the Deadites,79,57,71,['Documentary'],,1h 19m,2020,"['Bruce Campbell', 'Ted Raimi', 'Dan Hicks', 'Kassie Wesley DePaiva', 'Ellen Sandweiss']",['Steve Villeneuve 2']
